Mc,eta,chi1z,chi2z,DL,e0
4.044842406406946173e-02,8.081049349678514071e-01,1.273515319739474272e+01,3.813214832183548708e+01,1.402366071292202587e+00,8.265697443449090964e-02
1.087427348374880171e-01,2.296691134720678207e+00,4.668585532495794155e+01,2.186128022113410907e+02,4.311961514080683955e+00,3.013737714648150323e-01
8.799965630867140343e-02,1.079251370723516290e+00,2.433431842150211821e+01,1.014907916789475308e+02,2.079633718316488966e-01,7.071723068195634454e-02
9.635550996781773181e-01,4.723154831138154375e-01,1.913048312951983121e+01,1.376957241846484521e+03,2.316166525823911915e+00,9.316910369571629325e-02
7.987180037432697333e-01,5.486623074440765135e-01,1.254744775788573641e+01,7.683160134411647277e+02,1.148722974692458010e+01,7.831567912444882262e-01
1.130282246916224607e-02,5.882268643559267485e-01,3.993685818474010496e+00,4.139551168700014827e+00,1.683741762651181473e+00,2.565410521926336437e-02
3.140065343943370529e-02,6.783251835095959192e-01,7.236549243491332106e+00,2.611216536454290349e+01,4.871262380587377816e-01,2.081255437411132919e-02
1.040545478161149229e-02,1.027963931337768200e+00,3.404650196351345670e+01,5.068750597842592498e+01,1.789765284870290074e+00,7.708583906144404752e-02
2.292214471821933053e+00,1.107121711969061373e+01,1.706139002133305098e+02,6.966829154832502127e+02,2.148567200808224609e+00,2.421178366420466688e+00
5.770423896718430284e-02,2.148859440252570696e+00,1.002571917370015342e+02,1.000169250140553459e+02,3.115918903220886715e-01,4.406323619530046892e-02
3.200640862692147141e-03,4.368304832531719195e-01,5.332158097539587693e+00,9.693479980029454879e+00,1.055422970047055431e+00,4.810496717689415752e-03
2.660362777833575124e-02,9.946623483167147395e-01,1.364820999519009703e+01,3.378614643124333838e+01,8.513302990013267291e-01,8.657273658667254124e-02
7.196777215604744926e-01,3.304731737160773264e+01,7.534894804802976296e+02,2.330491711561594002e+03,9.826461944645750179e-01,4.368117130265310344e+00
9.094113011567455107e-01,2.669522801866566208e+00,6.131676767282796163e+02,8.300712580345912102e+02,2.728162646083850174e+00,1.295022728030754244e+00
5.653978585890815367e-01,4.802362820090626983e+00,4.587260687461125741e+01,4.882328531344508349e+01,3.317227200322043323e+00,2.199033409306774822e-01
6.476397988781221193e-02,2.742843550933876440e+00,5.443552567526365493e+01,1.220236116627956307e+02,1.702264243225112494e+00,9.042605122917027338e-02
1.271036033896395079e+00,4.821075512415799125e+00,8.940977546135743026e+00,2.772665345999595274e+02,1.367816046036607558e+00,9.948059485580802441e-01
5.034256444218523224e-02,6.767027680066498019e-02,1.653647777610677494e+00,1.291853632807938368e+02,8.338055163248613288e-01,1.170889621894663085e-01
1.053608199674317542e-01,1.081544258439395972e-01,5.579813577220687826e+00,1.216278013024809042e+02,1.013460840011740860e+00,3.190973709490359245e-02
1.939295646284631969e-02,8.242481044749299171e-03,7.912461079246027040e-01,4.073272606880543378e+01,6.673903327096186722e-01,5.328082775537916482e-03
2.174336655726970963e-02,1.353684501778046778e+00,1.415531584663406761e+01,3.222376645040975518e+01,2.270779736634601864e+00,9.019646908540907004e-02
3.263900083636812888e-02,1.739464515075468398e+00,4.830646885562299531e+01,6.055320050408609234e+01,8.477922472970151890e-01,5.327393437926383063e-02
1.675574881593500098e-01,1.172735044592082138e-01,7.351867466260777029e+00,2.806278928336162721e+02,4.751897466020012395e+00,1.669555900101926393e-01
2.968417648861233493e-01,5.587862065174611814e+00,6.985721052799163999e+01,1.220231445011545475e+02,1.978235453649583420e+00,3.334051978021699836e-01
2.192893557523151737e-01,3.319955208028503968e+00,4.545523185107179387e+01,6.905217459380473599e+01,8.618078107171482927e-01,1.839441070324837613e-01
4.194077242009048301e-01,4.776346216550272916e-01,1.180138490371633431e+01,5.276703727701659545e+02,1.596284516906807172e+00,9.094880425908247190e-02
1.085853905405747888e+00,1.109612656816905663e+01,1.855036734823857216e+02,3.339568888826801754e+02,3.607704297316095321e+00,5.212358683577946739e-01
2.251966383077771972e-01,2.719632791193838384e-01,1.928540618786781735e+00,2.207210468475541632e+02,3.741638135716951918e+00,5.891091850716440037e-02
6.997653973113970860e-02,2.684655335942166765e+00,3.359579401869130066e+01,7.895915616545107696e+01,1.735455564078411062e+00,2.487961737930641237e-01
5.858709419608638252e-02,3.553262772745147569e+00,3.635195325764819785e+01,3.604307272209342017e+01,1.412250944441652001e+00,5.142052165538408409e-02
4.491182921918965981e-02,1.302044827935489701e+00,2.492322669065859841e+01,1.063004535916017943e+02,1.070130495049002928e+00,3.742364659057310916e-02
3.008117437002965494e-02,4.446291945504023402e-01,5.779015837098308239e+00,4.313041360851198647e+01,1.249343123997235905e+00,1.446264342535240853e-02
2.175396068991255483e-01,1.023452318337063405e+00,3.848851710985316288e+01,1.003181465001880781e+02,1.530154004523197164e+00,4.019199782315679981e-01
6.801668766115499531e-01,6.605873844672686956e-02,1.694581544239815685e+01,7.554585936241028321e+02,3.110220331529708115e+00,8.608609981014230250e-01
6.514437713862152035e-02,3.770251441573161610e+00,4.572034086365158032e+02,4.571208640228566651e+02,1.320334655125522838e+00,2.123792190783232725e-01
1.505985253845199434e+00,1.850115594697766319e+00,4.422583396510351150e+01,6.653014052287707045e+02,6.041693394931987093e+00,1.726805887428636832e-01
1.371492259124032151e-02,1.053790134981893001e+00,8.318086136631844738e+02,8.352560405870742670e+02,1.342913526126051860e+00,1.142146851132066487e-01
2.907250554451889461e-03,3.579665346479517923e-02,8.554650263528668086e-01,5.894981733005804969e+00,1.183349113324972723e+00,2.019269916132544578e-03
2.233697534737801305e-01,2.115453081776780819e-01,1.344894492434492106e+00,1.629686117916388639e+02,2.027973521468658724e+00,6.148103411678212254e-02
9.642712452439554036e-03,5.395675634010519556e-02,1.640070219614793157e-01,1.004179757786947746e+01,1.338354734242566568e+00,4.817059538659813206e-03
4.505948132200693346e-01,6.790598205633268769e+00,1.210549695925863212e+01,5.927425781859714249e+01,9.627712320542090030e-01,4.933634686520386170e-01
4.275778064146280172e-02,8.947340360276099247e-01,8.673520457646041848e+00,5.588846123335395077e+01,3.202750710567244141e+00,8.040629741206699321e-02
3.447388067142128643e-01,3.761875025732597244e+00,4.508195056361152098e+01,4.890315444704045689e+01,2.113970329153236793e+00,2.287866195264083025e-01
1.554573422919356407e-01,1.055482159740518844e+00,4.663046305256839474e+01,9.865662100557945280e+01,1.868650812250316484e+00,5.448495387052908895e-02
3.063053204788501738e-03,2.268965551572617034e-01,9.077974354714409833e-01,3.561513143013217420e+00,2.306932108273729742e+00,2.824582792103498205e-02
6.060011732556468828e-02,6.651104734199529966e-01,9.625256698987328718e+00,1.254468616720095326e+02,3.036212734550699288e+00,3.134994058627969538e-01
6.191257177940067136e-01,4.250944203279032330e+00,8.627845462764135220e+01,2.382770449478424837e+02,8.869608224353142667e-01,2.345290587185811515e-01
1.095268570894384896e-01,5.362046248996609615e-02,2.842294420394757992e+00,1.685938577972741257e+02,2.212321945200020235e+00,1.458381805327195191e-01
3.916558147078715718e-02,2.617370814428558567e+00,6.367242292206569232e+01,1.073682183418948455e+02,1.699636475367330535e+00,1.600017224839179741e-01
1.048817861994232187e-01,4.686409768522345476e-01,2.063762076597004391e+00,5.409528963150840042e+01,2.004799322753836321e+00,1.015772031624151278e-01
3.208407779220212586e-01,1.891032634095078047e+00,4.646648372648232339e+01,1.371929098239490372e+02,1.160211496903038375e+00,8.028716317684415904e-02
2.128624918443822178e-01,5.236438788977694214e-01,2.061255931638301320e+01,9.842263129218042650e+01,1.994220316883201338e+00,1.087893096333834159e-01
1.802596928608701243e-01,3.428594607650451986e-01,9.224317286649219128e+00,2.844376095708498653e+01,5.409260737761346638e-01,7.713653009859695875e-02
2.381359597699956587e-01,3.209629457469320157e-01,1.058935512261243339e+01,2.042937966441510014e+02,4.628337053070731066e+00,6.399436878849454891e-01
7.075848638850153194e-02,2.889555825062001038e+00,7.156088228821302266e+01,1.080726150768451532e+02,9.253994648775253351e-01,9.909643845081558822e-02
1.247511381015594389e-01,4.568434579744699242e+00,7.439022993730816324e+01,1.400233407827354029e+02,1.521747360383976178e+00,8.205551104472258439e-02
9.017430761056530186e-02,1.273456189354746471e+00,1.434892326890141590e+01,8.559726223102474307e+01,8.676361690413916250e-01,3.846561906127827779e-01
1.141842843343589264e-01,4.307159386814494173e-01,4.806362394937931271e+00,9.055952842951542436e+01,1.460804995028103903e+00,3.806890777094747436e-01
5.655546022039311005e+00,1.822654346222823207e+01,1.463159612648375685e+02,1.359152377421885376e+03,1.101953380743252886e+01,2.890476154338086356e+00
1.829049434219572889e-01,8.874931120217098846e-01,6.954206603445292068e+00,1.005966243446412705e+02,8.194374809090635425e-01,6.703350635435217919e-01
5.614905360184357930e-01,5.823133485454673242e+00,1.263169343818711781e+02,4.348027075352760562e+02,4.355381190659951329e+00,4.088388403455465725e-01
1.428489955749622231e-01,6.233016492155780686e-01,2.274619443841768174e+01,5.590282711325727405e+01,1.127317669653770782e+00,2.128285931076419613e-01
2.193633001082373024e+00,7.297377897406800429e+00,1.767173400478365295e+02,5.226102331776115761e+02,5.214982933299574519e+00,4.522188358754597459e-01
1.055397651407561227e-01,1.643827769370271197e+00,2.590241969985747872e+01,6.944007029534509456e+01,8.222589510601366891e-01,3.286759979885526262e-01
2.463644666773012193e-01,1.526907506723490293e+01,1.267915043756532611e+02,1.756363464211626990e+02,1.615435667415494381e+00,2.157933403590541477e-01
2.432318111130984395e+00,4.353466087980625510e+00,1.637770841796307423e+03,1.531358979125344831e+03,2.311867308037072632e+00,1.720000183186145115e+00
2.746926175067745945e-01,6.833704656055819004e-01,1.015334632770716006e+01,1.776363111179288410e+02,2.399113083617563369e+00,1.059670702611774512e-01
9.218916860829327875e-02,5.965458414834939882e-01,1.757217197996401836e+01,1.519208576325997626e+02,3.888064080326171790e-01,1.032886017843341747e-01
5.825346582385224070e-02,4.175815016916089584e-01,6.357774816730873226e+02,7.138472846394250837e+02,5.050524657014590524e+00,2.078994304920123992e-01
5.430094488034942213e-02,4.827166714492780564e+00,7.760003010025450010e+01,1.428418281413038926e+02,6.632707373448034183e+00,5.164100307029600295e-02
1.209376826783285785e-01,1.035413756440409339e+00,3.071902537621605145e+00,5.046314715592844635e+01,8.184688178643149126e-01,1.217635716073549729e-01
1.627056985625889851e-01,1.015970541807774019e+00,8.744833167094412829e+00,6.680643428426184016e+01,2.162878162980662822e+00,2.272092894403313079e-01
1.484672686224545665e-02,1.812432948492376794e-01,2.735651860109514999e+00,2.485803052673091429e+01,1.264400739823503095e+00,6.065338681218491318e-03
3.226738963891173650e-01,2.004652904426035942e+00,4.241085972472018284e+01,1.635284090296339912e+02,8.725963200756741145e-01,9.949975459646039910e-01
3.799439716644795961e+00,6.748657371582061160e+01,4.416564400837477820e+02,3.343348089432168422e+02,5.084804277106651504e+00,5.963239121274816590e+00
3.411511558512238945e-04,1.885365799967577208e-02,4.019589686850236765e-01,1.373343400274754655e+00,7.703795064783866553e-02,9.762080672426654308e-04
2.129852122625139343e-02,1.023982794916384220e+00,1.905489356531815304e+01,5.864003138036861884e+01,7.443401663786228806e-01,9.177093224000359983e-02
8.918672317187244236e-03,7.126759737075053502e-01,4.396063735886119161e+01,5.492783422667417170e+01,1.421889592386947232e+00,4.629968942749407984e-02
2.558284119521291311e-01,5.711527669014813569e+00,9.015297117786941783e+01,1.322407917183650170e+02,1.927451546871161714e+00,1.437086694088473005e-01
4.219920005447328926e+00,9.236997186182898645e+01,2.608036472069331467e+03,3.529892103697513903e+03,3.856529427152234568e+00,3.625074667069851930e+00
2.043173703730767343e-01,5.675668339015902397e-01,1.005510764002004898e+01,1.360135881973540677e+02,3.269480923441592246e+00,1.671488427994060055e-01
1.750705599550210663e-03,1.030479697546232004e-01,2.580863566366953243e+00,8.407184226351068546e+00,2.725276239815033641e+00,1.514765046645673817e-02
1.261474566783027905e-02,1.307112350321297578e+00,1.757079902222497836e+01,3.132519777861133292e+01,2.558665520649149538e+00,2.567057475964490409e-02
2.552770240266448720e-01,3.654131692332841741e+00,8.514011318527040828e+01,1.803696164554094992e+02,2.009244387858868386e+00,1.164133652600219393e-01
4.322932578851533796e-04,3.513054709411922438e-02,1.025353933181280430e+00,1.426391413622682514e+00,3.881594705343970886e-01,8.013539692669752581e-04
2.464781666034604468e-01,3.428755664847409901e-01,2.306390249356693012e+00,3.152742708903348330e+02,2.277980469833665200e+00,2.974637058488404096e-01
7.734328186570735286e-02,9.181095273965366177e-01,1.403823588309420956e+01,1.026734660907749799e+02,1.931980878384043310e+00,3.440577012333786988e-02
1.970089983438927037e-02,9.796679131316440303e-01,1.668991309433304338e+01,2.535266591646219325e+01,3.785637499330709144e+00,2.186934483204766577e-02
1.592456620157514102e-01,3.918812505125758294e-01,6.626198984556753047e+00,8.121973743697382986e+01,7.843319555126746501e-01,3.292035309554446898e-01
4.740617805877927332e-02,3.380623066828047918e-02,2.061318675452041393e+00,1.112073567336868649e+02,1.007602002349958337e+00,2.755931821982019608e-02
1.357815672002420371e+00,1.126283840592682939e+00,4.249308626999613381e+01,7.345908885205342358e+02,5.337338624021126243e+00,1.554783630692629703e+00
2.953229921990328799e-02,5.934203076424758860e-01,2.116913050808578500e+00,2.714680804526481950e+01,2.658537249084851339e+00,4.954627193508498451e-02
5.401839311461839044e-01,7.986443912962041258e-01,1.853421449348773820e+01,4.930780366606376219e+02,3.899267617323030510e+00,1.277440511549386759e+00
5.733012706782317572e-03,2.598644303098436303e-01,1.525890517745829955e+00,5.121428538657995411e+00,5.286538655374029005e-01,8.930910775758688427e-03
2.251594477862527199e+00,5.378292096843034109e+00,6.665012392044299361e+01,4.590065506272715083e+02,2.367156507728811921e+00,7.986909944218397728e-01
1.681294681640878863e-01,1.965728623898346239e+00,5.507342230737408251e+00,4.927790092613355455e+01,1.851979918686337934e+00,1.006413568478624343e-01
8.093978159760490954e-01,2.349787342772096999e+00,1.146345980779120737e+02,3.058404652231808996e+02,1.441256689640839639e+00,3.167377089886122543e-01
1.405161891329788706e-02,3.883041231395750192e-01,4.877748935191593915e+00,2.045608197268570549e+01,8.335205217611095785e-01,7.756149333564479366e-03
6.785197409746002162e-02,1.718929093781981443e+00,2.821521872380980156e+01,5.165660121017668160e+01,1.587558438194494270e+00,6.908889222382808004e-02
3.213329593300000564e-01,7.311556198189713029e+00,1.662252640873012695e+02,5.798936904804480719e+02,1.636572708732507042e+00,2.020472233518196270e-01
1.915054980216928382e-01,8.189604378067878443e-01,1.073744180977181983e+01,1.012727985972956191e+02,7.086775994061521589e-01,4.448564283816374698e-01
2.304391362707332649e-02,1.728772127889886434e+00,2.281848030320277232e+01,4.900271207886333968e+01,2.901493688057343423e+00,7.612323689182150244e-02
2.175369673290777905e-01,3.210811244071991588e+00,5.089691265387872932e+01,1.260788708734849592e+02,1.768327109223830351e-01,2.077482801935069401e-01
1.797471848787337428e-02,6.143915934512152871e-02,1.341066645816686886e+00,1.725403624485680609e+01,7.776323283545362175e-01,1.738079298470036199e-02
7.144608374775179849e-02,1.265307654547725758e+00,2.157577868127297194e+01,2.361281651371565360e+01,4.946961262169570217e-01,6.009148041301682480e-02
6.112244005555447779e-02,5.568790151713711722e+00,9.558593435438861263e+01,7.929114092802221592e+01,4.036696071724024115e+00,2.220087523640343619e-01
8.535633967286929691e-01,8.674205995121278434e+00,1.155762421816292544e+03,1.210771632601197098e+03,2.535264888008643247e+00,5.588535834283087089e-01
2.262404280863765729e-02,1.694095481570985884e+00,6.404588366006996125e+01,9.072691534715606565e+01,2.300391249452015674e-01,2.353680956215789891e-02
1.946883676970947163e-01,1.483504290879732457e+00,1.452077407488397931e+01,1.488901110534426948e+02,1.415384794272519509e+00,8.257078675567137982e-02
6.516340034040133365e-03,4.899439832388775562e-01,1.047991519910753588e+01,1.300181138882180321e+01,1.154956502403601037e+00,6.381739514888155537e-03
1.411588984473675534e+00,5.169552620121955044e+00,1.880661233363062195e+02,5.321121597064092157e+02,1.587921570897876222e+00,3.211953482390083048e-01
1.324509418942872337e-02,9.058957537306303598e-01,6.113358448616803997e+00,8.973881754233445918e+00,3.840336503792317058e-01,2.381623298792962320e-02
5.983688949549512137e-02,1.627155465274533752e-02,1.427511413570935472e+00,1.425578196357965055e+02,7.592292581399880114e-02,1.731513675293381779e-02
2.052066725281224621e-02,1.368964125122715147e+00,1.230395442143277052e+01,2.692415656951501646e+01,1.736393475486983640e+00,1.144987234363569889e-01
4.562048065743019576e-01,5.858640925218766560e-01,4.534314906832156566e+01,1.206004730562230662e+02,1.823417576449010591e+00,5.413537992459801357e-02
1.298185918450051350e-03,2.377894269267886648e-02,1.167392249119838105e-01,2.884711115603730280e-01,1.631583932741077936e+00,8.564687994050588452e-04
4.393826009432586638e-02,2.984003995625211125e+00,3.336359878727864015e+01,7.803950604063933838e+01,1.312537400707978641e+00,6.553560972454083866e-02
8.505068465230043728e-02,6.929193254697758597e-01,6.664312160569702215e+00,1.040894548833571207e+02,2.728865799981246454e+00,1.824267957163741294e-01
3.222334419313894749e-01,9.597586785438360080e-01,1.397821667637769494e+01,3.166499364644665775e+02,2.784525118720727388e+00,4.794817523266551307e-01
7.194745879775711339e-01,4.239626903511097389e+00,5.339871818317964625e+01,2.231634557742618767e+02,2.503326300701134599e+00,1.010564152525496473e+00
4.410358909226985702e-01,3.482555550279387457e+00,9.548206775464849727e+01,5.684664188839999497e+02,8.698869742507367775e+00,3.934619844573128411e-01
4.159099842430975108e-02,1.013715416402947711e-01,9.664151130157023761e-01,5.482755517748783802e+01,3.185744385817525615e+00,1.505763647273980835e-02
1.134833693704521973e-01,2.643785374387195297e+00,1.047849353644112966e+02,1.714467946849094346e+02,1.269449965781247025e+00,6.379285572170147189e-02
2.877512499086975670e-04,1.855595812287234511e-02,5.464746210633445456e-01,7.590577821171031747e-01,3.731120111814935358e-02,2.759466576005543091e-04
4.252205872369514694e-02,5.657092542507925481e-01,8.798307864192335126e-01,1.212417711859005642e+01,3.843504299000573554e-01,1.281416350462619147e-01
1.877614224354713590e+00,1.064285561196494179e+01,1.280636278525913440e+03,1.072822699447707237e+03,3.852593050549606435e+00,1.409298496336932383e+00
6.882695907980236442e-03,9.259233913669315252e-02,1.504658286948291845e+00,4.381124203800991879e+00,9.090261645406019220e-01,1.412429712404161299e-02
1.454558828972762619e-01,1.366223792609845944e+00,3.422445237290239106e+01,1.980338861218731381e+02,4.770239498359655217e-01,1.551332502079646736e-01
9.407964927803981470e-02,5.988413436347466146e-01,1.492169203510178654e+01,4.495599350576485165e+01,1.994630325677790306e-01,1.276606050620248678e-01
7.109757058107915584e-02,3.229036536901593313e-01,3.885352318640659330e+00,3.478784341670923208e+00,1.565158661520330841e-01,2.375945788948547951e-02
9.712282179361043932e-02,2.257481010793772391e+00,4.334574869289257890e+02,4.303655657259095619e+02,1.232945442306188522e+00,1.524357116760702846e-01
4.173387074701953581e-01,2.371506729342574005e+00,3.510058508024931712e+02,4.877113602317596701e+02,1.662711014537469723e+00,6.772429853085870644e-01
1.334685116421323314e-01,4.491402568726031497e+00,2.666815405406824269e+01,1.485392530316686255e+01,1.000905108369381624e+00,2.760773477849985391e-01
2.119988160664979804e-01,2.451726140261785147e+00,2.052097232403123073e+01,1.503048334184173918e+01,4.007838088461532777e-01,1.477161158183355194e-01
1.173848941166879323e+00,1.803800096922298124e+01,3.980941391720526212e+02,1.868735512615983225e+03,1.091233196393652571e+00,6.425391763771418630e-01
2.878679055293174915e+00,2.856184572020794832e+01,4.461707243599392996e+02,6.695777823766240999e+02,2.829504191378370059e+00,1.858609398925022305e+00
3.294347816458638722e-01,1.082389988033279682e+00,4.014451911082055346e+01,4.523538235782252741e+02,2.226270457725957552e+00,4.248163276325180315e-01
4.481093902054933409e-02,6.800830707557713461e-01,1.071960051851674223e+01,3.820503706419474810e+01,4.453448798517115059e-01,3.033496956257949323e-02
2.911494790450652737e-02,8.867712121625265231e-01,2.934775905612080127e+00,2.307301139183577376e+01,3.639024885949557309e+00,6.972691697663044308e-02
9.298987043567311095e-03,2.938447682109593950e-01,4.230268212561565377e-01,5.729322878539387709e+00,1.504595561739168197e-01,7.349359096970857312e-03
4.006081358506613163e-03,1.811193586248187604e-01,5.244033091495169607e+00,6.478394025537704159e+00,1.854527555054207022e-01,4.981055878254908760e-03
2.922372397649462550e-01,1.576731217276963193e+01,5.653702192865811185e+02,6.814185172649382594e+02,1.292713658418056077e+00,5.103261862059036424e-01
3.507524717162110311e-02,2.059301706208734206e+00,1.195159489778940021e+01,1.210689089368010052e+01,1.410007958129644079e+00,1.299050635133832399e-01
3.145161079478695637e-02,5.897384630382053183e-01,1.096391890147537218e+01,4.525944441798061035e+01,2.683771785164821844e-01,2.353432380194126275e-02
2.952304659234866735e-02,1.993537870043553539e+00,4.110969291347942800e+01,7.840331900207443994e+01,1.548980325571001515e+00,1.918500787180511813e-01
3.423489237858133860e-01,3.582682891849964940e-02,9.635222718113883644e+00,8.962847230234760900e+02,3.296192827236587686e+00,3.053194448227767310e-01
1.049651939721479160e-02,5.384936147060357392e-01,4.891705923503783282e+01,4.828184436306065663e+01,6.137225127015443621e-02,3.745452880682045155e-02
2.062594072796308797e-01,1.533779776444273157e-01,6.830643350033965611e+00,3.807648244030601745e+02,4.928470504939147290e+00,4.137766011411161959e-01
4.561029971883509559e-01,8.988023869678966049e-01,2.450775006472538564e+01,1.851223372950296095e+02,2.778930960973248876e+00,1.024497677804833584e+00
9.084645746223283386e-03,1.004641274353970770e+00,1.635486410897753018e+01,2.588740585842802489e+01,2.337403514786796421e+00,1.251992519276848813e-02
1.136163808222008936e-01,2.722234633308598273e+00,3.461821714931699745e+01,1.327952268485461786e+02,1.332979388840286772e+00,4.972215865410202773e-01
2.233258269831676652e-03,6.219703346192762689e-02,4.795025377840495651e+00,5.802957540425024874e+00,1.362569161256288186e-01,1.799333532495007906e-03
3.292204068337226813e-02,2.236675955717427389e+00,9.690662533374248255e+01,9.975045267066805366e+01,1.507324606720962912e+00,4.289783912716846337e-02
5.787344457912563245e-02,1.415289678107603200e+00,1.139925013044632607e+01,4.106143160363353672e+01,7.118706057403916265e-01,3.370377018388209800e-02
4.551286548434630569e-02,1.555524371104338943e+00,2.236903779414767612e+01,3.952841775865478979e+01,1.084510107643716692e+00,3.435342863754815151e-02
9.138128063402296136e-03,3.419936051583791214e-01,2.527734185610289952e+00,8.803782975855968473e+00,2.209678282481830902e-01,6.185827791319850437e-03
1.435005153494726265e-02,2.483791383892722596e-02,2.069024630869995829e-01,1.395302761246598067e+01,2.340583507316797429e-01,8.340860786764060439e-03
1.203525498228550372e+00,3.892848114903149082e+00,7.888866060976775998e+02,1.061678919601948564e+03,2.748144676010928933e+00,5.941092139678776363e-01
5.193497578702349626e-02,3.488315886619005379e+00,5.458942354031793798e+01,3.661472860255268813e+01,3.140482168822205544e+00,1.307029395648001691e-01
9.405079214945065713e-01,6.934990810205001743e-01,2.438130359271057301e+01,8.061238727154707249e+02,1.511238486519869362e+00,1.259776619890823124e+00
1.430441729006351748e-01,1.078266692196982179e-01,2.073290396810377079e+00,1.608277502830969468e+02,4.343049987372323173e+00,7.166284779270645777e-02
7.560054469346944028e-02,1.796514971352062839e-01,5.523339036913982980e+00,9.711953066585867589e+01,3.677301112415422235e+00,1.634098650045297807e-01
1.238412687538006374e-01,2.212908582038336291e+00,2.279294977418785706e+01,6.061584759173710779e+01,9.700922440551486003e-01,1.185533173414514974e-01
2.177924735683646196e-01,2.380418327395514844e+00,3.027397227705821425e+00,7.981708828039916170e+01,1.110015411546649178e+00,1.046584965406204132e-01
5.391681824793008795e-03,6.128323134627691182e-01,3.904916703961224584e+02,4.134386638985868103e+02,3.236719393272825762e+00,7.772007589634998860e-03
2.411713777681390516e-02,2.445197280469721512e+00,3.444788469551796339e+01,5.218985134616109889e+01,3.667843995271710344e+00,2.495863149593381680e-02
4.137787606670739748e-02,1.108189128636107856e+00,8.974205673954031681e+00,5.044312559289053155e+01,2.923029657760522149e+00,2.422715770637382665e-02
1.930907760011790764e-02,3.432028883297873478e-01,2.015961039978458658e+00,2.278038774664995358e+01,1.572533609604458205e+00,1.319283970448143981e-02
1.941385187597072681e+00,9.455192985779444115e+00,1.059807684380684236e+02,7.124423662524665133e+02,4.374174554149202088e+00,2.837618976914732194e+00
2.013201498825212543e-01,1.465022900829278107e+00,7.478001030441672192e+00,6.779673244571597479e+01,3.001873767231037604e+00,1.230125341413454559e-01
3.189175634806763748e-02,9.462730790784219526e-01,2.027156237823842133e+01,3.935993299976026805e+01,7.254869830039040179e-01,1.303902773476909305e-01
8.783093588691089082e-02,3.390151153056432110e-01,4.879583795758275500e+00,6.131963361653262012e+01,1.515603374469893572e+00,2.578638373147744065e-02
1.212359959020713612e-01,2.078067065069577890e-01,6.439304356429164322e+00,9.994421688642928814e+01,8.059010968911961559e-01,3.247220776620343696e-02
1.431289526551288334e-02,3.080292871578850233e-01,1.100637485374819757e+00,1.984793530360166258e+00,3.725297010343951998e-01,8.002628210053028268e-03
9.416528494606776212e-01,1.447321926564842798e+01,2.429513896352363531e+02,5.753806614572272338e+02,3.146746135129847577e+00,9.258541356835777725e-01
7.683304427553019900e-02,6.786279272331599000e-01,6.080196500599555520e+00,9.750224619520587055e+01,1.887186927338185605e+00,3.012757159473310187e-02
4.836560370454149327e-01,7.075827365456759388e+00,9.858033863561234966e+01,1.412781770144698612e+02,1.600798053320480419e+00,2.404491464403424872e-01
4.197530077925816505e-02,1.041367033327306624e+00,2.081933011152591995e+00,3.394078961462455624e+01,7.595978854277566361e-01,1.012406300179390234e-01
4.269474798764485990e-01,2.162628782514433023e+00,4.188927668618718059e+01,2.054105094756672543e+02,3.510569578487880094e+00,1.298136962694421026e+00
3.686523867465042216e-03,4.383897473712855715e-03,2.124190318124491994e-01,3.828193534388152575e+00,1.845995137569966527e-01,3.814579735703137534e-03
1.119301175173712144e-02,1.242949521688766490e+00,4.925168631664965346e+02,5.373116558570114876e+02,4.104509703390174735e+00,1.446356517849431943e-02
1.842154682095284990e-01,4.349383567247643023e-02,5.864792712443723133e+00,2.984319557734671662e+02,3.490119632154278673e+00,2.795773176185203587e-02
1.490831257253842634e-02,3.176415651192449063e-01,2.747327336723481395e+01,3.636075792372626125e+01,8.192900113664256523e-01,7.364466911075894483e-03
5.178237354337643372e-02,1.635306019606613814e+00,1.055530045628730385e+01,1.119605338041941067e+01,1.527066631068748181e+00,6.374978421289591302e-02
4.174168530585375403e-01,4.896055921752398454e+00,1.088347826107107892e+02,7.637164962923638711e+01,1.237096936178401441e+00,2.018579349717801175e-01
1.340083341145608710e-02,1.327165795535093784e-01,1.851781135884262186e+00,3.245001386075082817e+00,4.648986748224250704e-02,9.064841935025418768e-03
1.264236707383067648e-01,1.439189297029718873e+00,3.723567941511846158e+01,2.884530902390524716e+02,7.259953638255244313e-01,7.213472584624348871e-02
1.408125362955126719e-02,4.808952336757648660e-01,9.059506262850137048e+00,2.446437706552574198e+01,3.268079630169440919e-01,1.130573663158891684e-02
1.631317795873843679e-01,3.626033194480022370e+00,3.235864092074743326e+01,1.132920539441374927e+02,1.941955054242696432e+00,8.779539212759306099e-02
7.760374476111596420e-02,1.005970023418806258e+00,3.653316985175760756e+00,2.958209743187212126e+01,1.868909998793724325e+00,1.042187261730961739e-01
7.556683975020773991e-03,2.126852861552657736e-01,2.807712722494815072e+00,7.434151236148326625e+00,6.748989560404701216e-01,1.446273173674392232e-02
1.407353710928945303e-02,6.229757641667039714e-01,1.799256458400559211e+01,1.908050202624873748e+01,1.615420057658107089e-01,1.161416277956458035e-02
1.259359304174401811e-02,9.597974166431598730e-01,2.943024672811711184e+01,3.840061081626765116e+01,8.585619866211676721e-01,7.202295150291398995e-02
1.470621154788171181e-01,8.720559884434665676e+00,2.598001155924475825e+02,3.305541072288762052e+02,7.200120700577211652e-01,1.095361857706417530e-01
8.507748360527341361e-03,6.725292403737369307e-02,6.989868072960010448e-01,2.063309452644300102e+00,1.437326178833598367e-01,2.109328912699309430e-02
2.311508899131714881e-02,1.720787764661740882e+00,1.567450909269908266e+01,2.583912141418091579e+01,4.052069289635338301e+00,2.184010655276170595e-02
8.554737593062648748e-02,1.742488065446897716e+00,9.106463552034792031e+01,1.053605234568053106e+02,6.217208665592031114e-01,6.242317919220152778e-02
4.322249998363352219e-01,3.559472404183800509e-01,6.148515449708672698e+00,4.765831899198673796e+02,1.103065183725545673e+01,2.757809885455756449e-01
2.151216873835059065e-02,2.418082838181800573e-02,1.139383250939423942e+00,1.084969604821099054e+01,5.199904312039288490e-01,5.018368299279691441e-02
4.823749100536199874e-01,4.673598792002390923e+00,5.073148668792276439e+00,1.050603642911927551e+02,1.724262550846035635e+00,1.370828803202124080e+00
2.030469637310524170e-02,5.725427385963097887e-02,2.187174387399619391e-01,2.423531606425394003e+01,2.886132928168354539e+00,1.761987666710573830e-02
5.094669518920802442e-02,1.227526453039214482e+00,1.172604694438345874e+01,1.631121401583072839e+01,6.413442289168465038e-01,6.386412434119692616e-02
9.860952873280617176e-03,2.781351028543113113e-01,1.482830025079245440e+00,1.994685843493370969e+00,1.347409079403161902e+00,6.498454326048728677e-03
3.237974564008225253e-02,1.732659149252538944e+00,1.157665060073024321e+01,3.244689970600476414e+01,2.469848102021884539e+00,6.742354415303429549e-02
3.903157036735928620e-01,8.216288371070218366e-01,3.029281905633437688e+01,1.033608064594511404e+02,4.468624053616848668e-01,7.349532330817799830e-02
2.740438714405832657e-03,9.788826755547623548e-02,7.001041440153985551e-01,1.525202521091587160e+00,1.399609433471666886e-01,4.843169602012782106e-03
1.866693964213857748e-01,2.789036491567001175e+00,1.986469815877595124e+01,4.400053111111660087e+01,3.253530756180715411e+00,1.350424895100073852e-01
2.433588978201407826e+01,1.638473549697657461e+02,5.371022852099974443e+03,8.082348969206963375e+03,1.609780079174085188e+01,6.341013771672177057e+00
2.409192619195938551e-02,8.852781408127192719e-01,2.121833414356859127e+00,1.095980469169363758e+01,3.995329796620381124e+00,4.147310062807307851e-02
1.176220739520880687e-02,7.227655330070138495e-01,2.613751649909204033e+01,3.985622410327938070e+01,1.562916722644192458e+00,5.322185731664910019e-02
2.798446150157118516e-03,3.416772346571299024e-01,7.590138978445779117e+00,1.248054366404922000e+01,2.286055410335149585e+00,1.465459626086893646e-02
4.087589735093372090e-02,1.156641177902517859e+00,5.479950379629354984e+01,7.017109207712290697e+01,2.411824143930664910e+00,1.154825803943305695e-01
4.215647885440601539e-02,1.412127244690478456e+00,1.861610179337746729e+01,2.692040855466056470e+01,1.602086324433370512e+00,1.214073348185732565e-01
8.410984475208087285e-02,3.379564415902562291e-01,7.308895964888371566e+00,2.916478071655696880e+01,2.817852911030474528e-01,6.768935552625579555e-02
4.802947534290198141e-03,5.476842647927512298e-01,7.670693853375756710e+00,1.347820677075598716e+01,3.588121836925396213e+00,4.956154111644479887e-02
7.593960470421128039e-02,8.632729043128682944e-01,3.553621837450509080e+00,1.966020902476118692e+01,2.330909772774125421e-01,3.176909109059594671e-01
4.765139748890426935e-02,1.890670166653509288e+00,1.028917372678454178e+01,2.168427098431370226e+01,1.742625782245010413e+00,6.607024434296364379e-02
1.101280049108452862e-02,4.729260449524296805e-01,3.408046107664528979e+00,1.311654446939243357e+01,3.789576303260967505e-01,1.322719363399665372e-02
8.906985560681601743e-02,4.227124054995067937e+00,6.719140242707693744e+01,1.483749222194691413e+02,3.759306675541203013e+00,2.161925452157841820e-01
3.007210559834282496e-02,5.038642557447292614e-02,1.728471295658851714e+00,3.256579461893149841e+01,1.127573418069164335e+00,9.602210257911714467e-03
5.297087474313662003e-01,7.336965501805209122e+00,2.103231171608860564e+02,1.238302163585663948e+03,2.012377335010923307e+00,5.979240455375923746e-01
2.865731103415398162e-01,1.036171118344522846e+01,5.810570374802115339e+02,5.095758416224650205e+02,3.423768131685909211e+00,7.694048766938450523e-01
1.294650719647959802e-01,7.240372807431468827e-01,3.138478927627426884e+01,4.000315840372256275e+02,4.049977770928745446e-01,8.262287752881777858e-02
1.061838045658366515e-02,6.518724787831334799e-01,4.758676576897070021e+00,1.739977832288868598e+01,2.571182050594336133e+00,1.367580728335651696e-01
5.697084861278865764e-03,7.822480225932412212e-01,5.310143774130700933e+01,7.119872506635158516e+01,7.921403975711130974e-01,1.527335851752320214e-02
1.022123443711481450e+00,3.612681096848463724e+00,8.219697713030868158e+01,4.452186766875288413e+02,2.425137167609648703e+00,5.364303182101578527e-01
1.336752480862718251e+00,2.186486270088600037e+01,9.324731825743551781e+02,1.005336393816997543e+03,2.113883660714932056e+00,5.361647609844718554e-01
1.609925127713564622e-02,8.784628407929614968e-02,1.656772820069642993e+00,8.062422098168362083e+00,2.052480005002069730e-01,3.899280214722339322e-02
9.835617820710792714e+00,1.602886484837735992e+01,1.578708367006401204e+03,2.851115831026847445e+03,8.621265262648366345e+00,2.280379764790628538e+00
2.811462112007802605e-01,2.718668494009925496e+00,4.672613022384032888e+01,9.290883065802425733e+01,2.801493553205650411e+00,2.238883061077150405e-01
6.056077331141964532e-02,1.839302383234877381e+00,3.563142669170316879e+01,1.140924511216923207e+02,1.224797388722128844e+00,5.100129598541670861e-02
5.704956593923702357e-01,7.206045704919241679e-01,1.206676649480980501e+01,2.379171185617663866e+02,1.792025796115479297e+00,6.527739710897199066e-01
1.942162896630130961e-02,2.852410358475671592e-01,5.167849092929260868e-01,1.866876908044204697e+01,1.897124537669334865e+00,4.729787423649382122e-02
4.121377151894418771e-03,5.048624465660132010e-01,2.163483872407692132e+01,2.035009680008529998e+01,2.506817574184410979e+00,3.622349360154803605e-02
7.856060413691128008e-03,3.364787780573599840e-01,8.217574454045761811e+00,2.497924227938360531e+01,3.872013361733454007e-01,1.600789631565254639e-02
2.000714566262684624e+00,5.937004447931766293e+00,1.100950208809774296e+02,6.393165157630830890e+02,1.697189886577472384e+00,2.781166599039317955e+00
1.482705253160470499e-02,9.619522107144500289e-01,2.584419172409342025e+01,4.054815094801210762e+01,2.030053044488521863e+00,1.407865646646229082e-02
1.356817551764793149e-02,8.762599633440243396e-01,4.238805060406382275e+00,1.551008132328561295e+01,1.002847316896438468e+00,2.659465837241952943e-02
5.904545540252844390e-04,2.275572797769391878e-02,3.523760357523775255e-01,1.007216837688506672e+00,1.326986284671243466e+00,4.302428841954292270e-04
2.282967314812889628e-02,1.025652297004549185e+00,1.144563577424627965e+03,1.284216258551233295e+03,2.567950145351864499e+00,4.033727337233049270e-02
3.097422309658362516e-01,5.980791413844762872e+00,3.386248771754985682e+02,3.779263332941515046e+02,6.775593192313634772e-01,4.433537203412782346e-01
2.524645813490694612e-02,2.163867659844798397e-01,2.377576294377109767e-01,1.969106507291112251e+01,5.475784300734366505e-01,4.971821046948072392e-02
7.259689881590944416e-02,1.362645529486776974e+00,1.040492435957006556e+01,7.023757924613001080e+01,9.482693140893021511e-01,3.818857429395056818e-02
6.408581375910106515e-02,1.121473262370077606e+00,7.960100887655499058e-01,3.711403663633853256e+01,1.033041503602639244e+00,3.232072709698930596e-02
1.536159270510337009e-02,1.209622256956080610e+00,1.360576331954092382e+02,1.489420546835449102e+02,1.726109986883655356e+00,1.602447630699013054e-02
1.284834268750508456e-02,4.599139284464699717e-02,6.108591298997881891e-01,1.299650965258320845e+01,9.143647407683782591e-01,1.663530866444477493e-02
9.730726831943335708e-02,6.566236111128386232e-01,2.224615555439326542e+00,5.302027055359633323e+01,1.067382354525703070e+00,4.107461463716526734e-02
3.037038609550827828e-01,5.103839343717901045e+00,2.430618539180171211e+01,6.937895491618499477e+01,3.787905893245040900e+00,4.253581308105381376e-01
1.195489695490209447e+00,1.277235762742874492e+01,1.670190625265393862e+02,3.951504624902900673e+02,2.653408733874202063e+00,4.695736775603241431e-01
1.095159404359542732e+00,7.925083237030535521e+00,3.935510868181867039e+01,1.476072037908254515e+02,2.187092125216100413e+00,1.349072830435289028e+00
5.089931139206087529e-01,1.673240410841735581e+00,2.395866599347828583e+02,2.958960022765411964e+02,1.651176360293680645e+00,3.959463502936418355e-01
1.005840914857911050e+00,4.286244309087217985e+00,9.036786541951138361e+02,8.610020949570761104e+02,2.671232982141967138e+00,2.879175403423150370e-01
1.513571994385475961e+00,2.311520556112533242e+01,2.710829792708411219e+02,1.751924352322990899e+02,2.800761407093926625e+00,1.040739288510456717e+00
5.154656539266904564e-02,1.810640612047945408e-01,9.598030918341677875e+00,1.938832462709489945e+01,4.618711694421243630e-01,2.906121317392691694e-02
2.269967015167761448e-01,4.015503528398140648e-02,7.027750133917225028e+00,5.187530346753501362e+02,5.291866974657754241e+00,4.967460180164754574e-02
5.431287282242648617e-02,5.033083071628091654e-01,8.509360181718612637e+00,4.473949448915683291e+01,1.974771973055845953e+00,3.701653005289610304e-02
6.780292107937874180e-02,8.317540468015154342e-01,1.093788972133427961e+01,1.779369719163768337e+01,7.250853305754079159e-01,6.351785092556175294e-02
5.227733135059676739e-01,5.228788311302766445e+00,1.147274077547277074e+02,6.430795669120068396e+02,2.115436123338165331e+00,3.228154576439630774e-01
1.272950600900688845e-01,3.262259349778010353e+00,9.348884102426032072e+00,3.200316562341222237e+01,3.181616640534412177e+00,8.626120219427929614e-02
1.564411395967540627e-02,1.190032345231223587e+00,3.560555295257001429e+00,6.872345628404861628e+00,1.865897248182187385e+00,1.019222101280900100e-01
3.064025713928942296e-01,6.607477086457013371e+00,1.811434975912325385e+01,2.244321854560420775e+02,4.615425206767534760e+00,6.268137806356551822e-01
2.349982241654800852e+00,2.284632669455620757e+01,3.865617756842022459e+02,7.417013692546170205e+02,5.448279662530689293e+00,1.052135913104893516e+00
3.573516721371552407e-01,1.446424004539798580e-01,1.011482415657605571e+01,6.092424496475232445e+02,2.208142718962808448e+00,4.618622597557708875e-02
7.101404071384830041e-02,1.106912080824839162e+00,2.793930599840913942e+01,5.821033360693274972e+01,1.583521285629437392e+00,2.329864851888196753e-01
5.196290927403056370e-03,2.286901845204269423e-01,4.822333315920831476e-01,3.100718175335790860e+00,5.637410686760067069e-01,7.008489894954335157e-03
2.916711829004019554e-02,1.063584228906691687e+00,1.800446659699058216e+01,5.134118914740417239e+01,1.668166440466896105e+00,2.211240048023462718e-02
1.528368803159418921e+00,6.056951699173324322e+00,1.897271261468087573e+02,4.873147631458195974e+02,3.307129828225482182e+00,5.927507519208022879e-01
1.517042200780265027e-01,1.202004448611882381e+00,1.303495408338706341e+01,3.193596219922029178e+01,1.473625175499083895e+00,7.571655806306101799e-02
1.862080457640696851e-01,3.301956818428237739e+00,1.883549492383098709e+02,1.758057145351581596e+02,1.683112495494407890e+00,1.385344040968793378e-01
3.733745306031860944e-01,3.211227858546272240e-01,1.331389053693567703e+01,2.124196581069421086e+02,4.595279643440195017e+00,4.882627830972969402e-02
1.254367004247322614e-02,6.658708850847960825e-01,4.787189425567292211e+00,1.671927862779745766e+01,3.135864275811262925e+00,1.574151431696615977e-02
7.646724042873548344e-02,6.688276694973733782e+00,5.780509536718994923e+02,6.044817801307126501e+02,1.871355619202079490e+00,2.335529464894869345e-01
6.017461722384481043e-02,2.206232364845936100e+00,5.757757801422294364e+01,8.871807013733052827e+01,7.623659415969256115e-01,5.139148670654746648e-02
9.082455099936902199e-03,1.001176742743110859e+00,3.885747044678194584e+01,4.457864041253057508e+01,1.178327157557807370e+00,1.582976612063496935e-02
1.305264684840332368e-01,1.058272078536666383e+00,2.369635097573720017e+01,1.573698262720531034e+02,1.203050130163282327e+00,1.302686501716674716e-01
1.811200304336189615e-01,9.224643302648512844e+00,1.763058134627935090e+02,2.965534413758196024e+02,1.233463283782363806e+00,5.510797123969823907e-01
3.473194587891953455e-02,4.405856348257651822e-01,1.892675768769378486e+00,1.568685293869436848e+01,7.277021003315597980e-01,6.535931415110858567e-02
3.638104434501275186e+00,2.011173911820960569e+01,2.022031405600863309e+03,1.787174837950226220e+03,3.862891445254565514e+00,4.275810306361075064e+00
4.687329175629993683e-02,4.382236950601754999e-01,1.767879996310434798e+00,2.757931328041300745e+01,8.258398278492572464e-01,2.118459824147348250e-02
8.644243387560397729e-02,5.053921914047053932e+00,3.859475029317655270e+01,1.074415529105488503e+02,1.206059132198482686e+01,5.355842570555625626e-01
2.669752055198601481e-01,3.429351403148115929e-01,1.111277349470564602e+01,2.439034030497076344e+01,2.279666566710640829e+00,9.243307665173661203e-02
2.429393668936405057e-02,1.371755436307050824e-01,2.237608544637160080e+00,7.688896098002627966e+00,4.873725697613175839e-02,5.014396629210366579e-02
2.332151834266739734e-02,1.279619470155902126e-02,4.100140236012891348e-01,5.542912541258601777e+01,1.264210254150820889e+00,2.448703066345273016e-02
1.214638349044730725e-01,2.659567133840489372e+00,4.472225237694147637e+01,1.448619168101725450e+02,1.881039713808053904e+00,1.352518270781323251e-01
5.299136703952420091e-02,1.603314626412786437e+00,2.868739786654483481e+01,7.309280564383529111e+01,1.548370955809233562e+00,4.466552672606339397e-02
1.572051543918277783e-02,1.026088629756533033e+00,1.014006132430188600e+01,2.254136473522484252e+01,3.424376206043267423e+00,4.023474416822571398e-02
1.332333505846630961e-01,1.617056055900705669e+00,1.863529625373861975e+01,1.965444233793643036e+01,1.295328116652135320e+00,7.105648765092487107e-02
8.429634083267422556e-03,6.705720656462542673e-01,3.059133017913980268e+01,4.043839774413554267e+01,1.372902681596346541e+00,5.094677057973289597e-02
8.522166477169340615e-01,1.517878561465386511e+01,7.816746016187873920e+02,9.855114875475035205e+02,4.308755866453847005e+00,8.671449998928842939e-01
2.436697982802957761e-03,1.184765306884982272e-01,1.712192038470301325e+00,2.261082310899016790e+00,6.160923887195608462e-01,1.960023561453877287e-03
4.249841242423370996e-02,1.792392571564588755e+00,4.313610525050815170e+01,1.418658732072959197e+02,1.410367327280708016e+00,7.761410521117817485e-02
1.138082682158548936e-01,2.245343674240235288e+00,4.280264907117535245e+01,1.037628598958745130e+02,3.134069077695399663e+00,8.323949320545931396e-02
6.047057328919024366e-01,2.392701991032925690e+00,1.066698710940613495e+02,2.748974363921732902e+02,1.396178354992687831e+00,2.864268827182260280e-01
2.118061353520871215e+00,2.073802252458337492e+01,2.308913886177039103e+02,7.101071641501289378e+01,1.880220464216110443e+00,1.004237766216803829e+00
1.470037280324958839e+00,2.470303641235339143e+01,4.526049331650060594e+02,1.133329581699572600e+03,2.703084640088290858e+00,7.525123250222227611e-01
4.810481640083741350e-01,4.212955173810865594e-01,1.714512875024168537e+01,5.601545232335400897e+02,3.369184796655575909e+00,3.465340776490480335e-01
4.591361626870605894e-01,2.787337299552994918e-01,9.904344980813153398e+00,5.501374033405493265e+02,1.223137116691599324e+01,3.879537430564842793e-01
1.188039250660984925e-01,2.219668614374315785e-01,6.760247927171899818e+00,3.620776912020648552e+01,6.135905357821851425e-01,4.170238209551237890e-02
1.273552794295001577e-03,1.506380642094211353e-01,6.046112783411068392e+00,4.168513838982061515e+00,2.776954638558821742e-01,7.704592923001176916e-03
4.837990230572034793e-04,7.235060413237165422e-02,4.835094971311751699e+00,6.406617285150261409e+00,1.379167885577629926e+00,7.354754571434547056e-03
4.800528481161602662e-02,8.174875191596067125e-01,1.852239304575296686e+01,6.527751734454668053e+01,8.031232118087401339e-01,4.862975900287407061e-02
6.887368107852676058e-01,7.232848361419175198e+00,8.536431423492156512e+01,1.732254496316652421e+02,2.429155576553736040e+00,4.571852133666577944e-01
9.142755013570377787e-02,8.606308923808616562e-01,1.196366501667955085e+01,4.563229403397593842e+01,5.414280943450948236e+00,1.844598264261419762e-01
2.272361821751018862e-01,4.846229232966273948e+00,8.355341811348188230e+01,1.434532023132169058e+02,4.424894164399215124e-01,2.983036983924563512e-01
4.439775742156426119e+00,2.299993807495425457e+01,1.222004586844567626e+02,8.225646246246803912e+02,6.064307521950844659e+00,1.040799228903622087e+00
2.636797804163925826e-02,2.562929294492086729e+00,2.571960586937557309e+02,2.804320825352954785e+02,2.381082096182279617e+00,4.302777191025031200e-02
2.107409845224982448e+01,1.636432432664673513e+02,3.650382723037725441e+02,2.696257121948219719e+03,1.195220442695246454e+01,8.845562771799951207e+00
6.622994018197715660e-02,1.276190487756276304e-01,5.093624964570653724e+00,5.748742465897286280e+01,1.450107656793515787e+01,3.130232513256928084e-02
6.641108787275741554e-02,1.010661761992834640e+00,1.757426024691222821e+01,7.053088330011208029e+01,1.073461448447125433e+00,1.677109128222484535e-01
3.079107228443113797e+01,1.395207762045435516e+02,7.720672231252974598e+02,6.607236140778825757e+03,6.355314193369791553e+01,1.632337371873010667e+01
1.389466691795503417e-01,3.109022986932395427e-01,1.318175732702858305e+01,1.677013966186167693e+02,4.148994330394015329e+00,2.299765554907346743e-01
3.927945860827487812e-02,2.701853150539057502e-01,4.783225063945997668e+00,1.517464665681914049e+01,1.166460790646167256e+00,1.954111125521683021e-02
3.637452081970964091e-03,4.062930492773984131e-04,9.517773038870037949e-02,4.052847459606524261e+00,1.347471052527648150e-01,1.167642364209904192e-03
4.194455148503591080e-02,2.287935170471750712e-01,1.148754818419524426e+00,5.357803098910448369e+01,9.699823318160367691e-01,1.529797776681414423e-01
3.293989039403938217e-03,3.382810936644909949e-01,1.256779193172324938e+01,1.596326464466921990e+01,1.573855297876324832e-01,3.384124456567064176e-03
7.699202598418749058e-03,7.758079453059620878e-01,5.221250554134329924e+00,1.075044408105463667e+01,3.328877779588657493e+00,7.856822758850141863e-03
7.661332831758539512e-03,3.821158398736760886e-01,6.743443119790250648e+02,7.294634882584715569e+02,2.460803809449001456e+00,6.575612490117431486e-02
1.694076546753412460e-01,3.469257715131301545e+00,3.178377128463937424e+02,2.950397671791271819e+02,2.424378126147969770e+00,1.084439585357855479e-01
4.154039997086676241e-03,4.542035867564080398e-01,1.243274536269558794e+01,2.085412821965064722e+01,3.914920802068230898e+00,9.085404380777114750e-03
2.953832661821820856e-03,2.298441352538234117e-01,5.445069794862058110e+00,1.360564955701735279e+01,1.863441744409735978e+00,1.750333071008972410e-02
6.986220584796157818e-01,2.861056615135237347e-01,2.142533627031783539e+01,1.215276962489110247e+03,9.539291459206287627e+00,5.375192628030251996e-01
2.460389563416131686e+00,2.599291913675559229e+01,3.948278967842413181e+02,6.140127480335823975e+02,3.172982720647075094e+00,8.320685965174147158e-01
5.783576938711494364e-01,4.196440641038355679e+00,6.318803041529299946e+01,3.226704327216207702e+01,1.140645113274723288e+00,2.681112924313708845e-01
4.876281652536843675e-02,2.713763341610730961e-01,4.367790734819280152e-01,4.115844785078724755e+01,2.058717317854996232e+00,1.431577776298059712e-01
4.160055602809258068e-02,2.412537483500117735e-02,1.531657439663948406e+00,1.172909738049042119e+02,9.069081219861727661e+00,9.890548636007552574e-02
1.464163262615258802e-02,6.544324551525468880e-01,6.948907757155968739e+02,6.978592732622613539e+02,5.741126345963367683e-01,1.263429580116591511e-01
6.575140843421070080e-01,1.218580544863894222e+00,2.906761956977251415e+01,3.477646696451934361e+01,5.032927766345565601e+00,2.577349142790335002e-01
1.364835999667271538e-01,2.141189642868406295e+00,6.704097068262574339e+02,7.267333342590086431e+02,8.643701775724346170e-01,1.218898714990713339e+00
5.875576950357871420e-01,2.947113032809521305e-01,1.867702435655797899e+01,6.477445741608717071e+02,2.621128287235483967e+00,3.509077242057331847e-01
4.408570991413930606e+00,1.561342847598399075e+01,9.219854457302627679e+02,1.735767309082563997e+03,4.294831340216756388e+00,4.854399767140588629e-01
1.847942986279278721e-02,5.541876554268843069e-01,3.788070702342358764e+00,1.550149479985060985e+01,2.228037735401491859e-01,6.281056678066442023e-02
7.066834674972012620e-02,1.218754568138783911e+00,1.505715194318741901e+01,2.804391648907036583e+01,7.447222650507511199e-01,3.851606300434571445e-02
9.710790413452069850e-03,2.456132188340222344e-01,4.970963858333066199e-01,9.319737138116344966e+00,3.175717565718763957e+00,4.564904158593080519e-02
1.743784780972271187e-01,4.872738287637023991e-01,1.264289270441652668e+01,1.227259288029521542e+02,1.464594814229991604e+00,4.522522285355803223e-02
2.587468096413224339e-02,3.620952813168424461e-02,6.945844249302319806e-01,2.637364043926543289e+01,1.869696372363917058e-01,4.747118287392137342e-02
1.138916820919427635e-02,1.033494454291149500e+00,4.263878704222247684e+00,8.492423013590137515e+00,3.236712158771219539e+00,7.755468850619842702e-02
2.432224029786675748e-02,2.467421515861139003e+00,2.780966159320679765e+01,2.055803825956574116e+01,1.624754410670036897e+00,4.489670097988890385e-02
1.348944678545164685e-02,8.944957545201760452e-01,1.111815855540423570e+01,2.648838951053679125e+01,1.426294222551928392e+00,1.488708030603359996e-02
1.684181275894229002e-01,6.233399223134886702e-01,6.746560685137940716e+00,3.372784350288301169e+01,2.332664699765357508e+00,2.054003907167813447e-01
1.777192743612248521e-02,4.421171830997393248e-02,1.227016131333984017e+00,9.694900961098447567e+00,3.663118656208822488e-01,4.374494807478006286e-02
5.425530075948045705e-02,2.937676738312213320e+00,4.638614994053612008e+02,4.967622060204068362e+02,1.438929378657367808e+00,2.208116906234103283e-01
3.084788133663464160e-01,1.173754956376794334e-01,7.671614010678996287e+00,5.589749618712320398e+02,9.857387826954413512e+00,2.517987377534228188e-01
4.995505744233377232e-01,8.856589177121459988e-01,2.902250682291658279e+01,2.284206416374123876e+02,1.960762934147798564e+00,1.119846253113210843e-01
3.920563940312262255e-03,3.458913160213325511e-01,2.159901287915697576e+00,5.357972264702047127e+00,1.908408487128870012e+00,6.329315051687363879e-03
6.405423600708478118e-03,9.612769454196391505e-01,4.389591173399277295e+02,4.316265024871651121e+02,2.478368417998907169e+00,7.479182983947720194e-03
8.603408066663173481e-02,1.068802870993304399e+00,3.214011115484903058e+01,2.366933883748157825e+02,1.424484278696077189e+00,1.545156768071058173e-01
1.555806443026400664e-02,1.273949050338412103e+00,1.204182304468344569e+02,1.194639949684403035e+02,1.358198879914736645e+00,3.903029476209825266e-02
3.462877296228320523e-01,1.299945908210714318e+00,2.772928539671107018e+01,1.172354782784011036e+02,9.615624565771833110e-01,8.674929212442862303e-01
3.862279679234665447e-02,4.377446048705749604e+00,2.520657853210167332e+02,3.476129733446879868e+02,3.952249780980317428e+00,2.443108905648142537e-01
3.865160788745448939e-02,2.604806144412794566e+00,3.857428444430995995e+01,5.983350909216054703e+01,4.237686829667585364e+00,4.578987183813516132e-02
4.391234938531587279e-02,1.899913135222448757e+00,1.685529273153731822e+01,5.883745807211792567e+01,1.216282788656997793e+00,1.192819250546215404e-01
9.338934651245594035e-03,1.841899899235088008e-03,2.018735978954669941e-01,3.214306910289635510e+01,1.935032671012590910e+00,1.134321829430644593e-02
2.157706280270949017e-02,5.639895129713652366e-01,3.623985359921695348e+00,1.086185103555127185e+01,8.450361884862656048e-01,1.343702017191349823e-02
8.942301122228278887e-01,4.911736026244215125e+00,4.833142628859195611e+01,4.603860195400897481e+01,1.910933188437959673e+00,6.450309327805100468e-01
5.102306916854211227e-01,8.106687204316186390e-01,2.126988298134589783e+01,3.128659092461347200e+02,2.320651803579245609e+00,6.832727982623868490e-01
4.609858841155434206e-02,2.640062848818264252e-01,5.565509003934413279e+00,3.913283584894475808e+01,4.106782884451207205e-01,5.763353119327426638e-02
2.943167846018298062e-01,1.059586980951796042e-01,1.033915616751555611e+01,4.117320435568736912e+02,8.540737733467214099e+00,1.425084925643261280e-01
1.699463136443551126e-01,7.282642405014821740e+00,1.882987523990673537e+02,2.193683982294246846e+02,5.285009157452253969e-01,3.947089469931679417e-01
3.786248698681961289e-02,3.201905428356423555e-01,2.736877075479079213e+00,3.199665750714893875e+01,1.161509534070018113e+00,5.271563826499384153e-02
1.508758542330290026e-02,5.581043940998817732e-01,5.035308288927322629e+00,2.407313430732061832e+01,2.906211254497022001e+00,3.380432952117297385e-02
4.364282558765986836e-02,1.089254509109768065e+00,1.304771304155189853e+02,1.340497309772519827e+02,8.037337736701367641e-01,8.488500900834181073e-02
1.519986782158297689e-01,2.067252441702198129e-01,4.475495901142642730e+00,7.473276221829361532e+01,2.315179463217103439e+00,8.921145343196569544e-02
3.870880512407657292e-01,2.389740811201319648e+00,1.828959624313262395e+02,3.164142416383677414e+02,1.294030245956727443e+00,5.160544878902163513e-01
9.787985537980848152e-03,8.113416745420611864e-01,7.103028637137692947e+00,1.242042514554976051e+01,6.203414039675531066e-01,1.385666064482719319e-02
7.610679320708242657e-02,1.622713369460187238e-01,8.360038190649503598e-01,1.225839376419784514e+02,3.772501588226615965e+00,3.074353544500988203e-02
7.440491561285748900e-02,6.074819856903054260e-01,1.028279228237489917e+01,4.026458699529842988e+01,1.632294537981833438e+00,3.180728803080888623e-02
1.163187149761804595e-01,8.768317370174931735e-01,9.316232627623348250e+00,9.031980750221578091e+00,4.286250600994205406e+00,6.834165516656220962e-02
9.922458426261244746e-01,1.607231647311633538e-01,2.748340238479746844e+01,6.917601573244395468e+02,3.072297585337661285e+00,6.604593407873621258e-01
2.164428168873670788e-02,1.267468400786645188e-01,2.729821176052309450e+00,3.184667752596226720e+01,7.896359132171256734e-01,2.643373539980205938e-02
3.152848116959191538e-01,4.400227190785344633e-01,1.678028511970162739e+01,1.478557325404709673e+02,8.656980266503296662e+00,1.655049886170182061e-01
3.465152820074745010e-01,5.622896850872596275e+00,9.085638247098739839e+01,3.747785398779723778e+02,2.067862664763388647e+00,2.194347395500956532e-01
3.381390855798728223e-01,1.694559567449228366e-01,6.877150518160853210e+00,6.614594567945372319e+02,5.539404462722316680e+00,2.012949889530197267e-01
2.180427833148937400e-02,1.055770340306588118e+00,1.236060995630800718e+01,3.031440118654629856e+01,6.626704112635640742e-01,1.136452418406434794e-01
2.475127328548065199e-03,1.342958913839738533e-01,2.635719280717187529e-01,1.277360018055108792e+00,2.066731669616201084e-01,2.245857198234786200e-03
1.066852191076118339e-01,3.530167783583869845e+00,6.739322235946971773e+01,1.636051452688908512e+02,1.134961241216858596e+00,6.180997611874108205e-02
4.504549466183962458e+00,7.001031614556691984e+00,9.930073270473724278e+02,1.707768613585683852e+03,1.588173789333659602e+00,2.134212467509192024e+00
5.491384561381949803e-02,5.287534724219842414e-02,2.892620923606419314e+00,1.160481520020311024e+02,3.512683049943429836e+00,6.379715089330144362e-02
7.474550040571826814e-01,9.441364220544989916e-02,1.910832131481517848e+01,5.793051442786895677e+02,1.047385830878037716e+00,9.111591402037408360e-02
2.511400328171227436e-02,9.145093389570868592e-01,4.220742343162279475e+00,2.326137220901622271e+01,1.567370261027765332e+00,1.658321820186496875e-01
2.529541404605028521e-01,9.972879451997565425e+00,1.909872562927741058e+02,2.068336839936235947e+02,2.076775940710356316e+00,4.623504930175658112e-01
3.378543832092945672e-03,1.580234949014329149e-01,3.584548068040819269e-01,4.123210114197032872e-01,1.417076691718822078e-02,2.458311356015152171e-03
1.923770390546575282e-01,2.480724054071353213e-01,6.856282862414450063e-01,2.169877910594354091e+02,5.522304374945917971e+00,6.809855134425160661e-02
7.899187215597693046e-02,1.535533637876902002e+00,4.153891427246774981e+01,2.187840758455485002e+02,6.457952188193568643e-01,5.891196720566114348e-02
1.678444890738247652e-01,7.704226746421459493e-02,7.691124303387796957e+00,5.542899768133335670e+01,3.284228528258717805e+00,1.521496025343789874e-02
8.984175727773115183e-02,2.747796173705934764e-01,1.040413599404237388e+01,1.113135771472133797e+02,1.842244790865426252e+00,5.096633103897914296e-02
5.017545643760561343e-03,1.478971909574553767e-01,3.520518367454255060e+00,1.361228502599394297e+01,6.893302320224395929e-01,3.939322955218648413e-03
1.279028902729130446e-01,3.195466780112190097e+00,2.358882967570599831e+01,3.129790821277914148e+01,1.343167511903593736e+00,8.862736368256747543e-02
1.802965049522603502e-02,1.530980827042596415e+00,2.332263474906990197e+01,4.951684284822358251e+01,5.554946914547811865e+00,3.359868760325661341e-02
1.951256625584830290e-02,1.313658109157378739e-01,2.145882075021207758e+00,4.149961396583550766e+01,4.923296323607302960e-01,1.114560432469857178e-02
1.431096215360751732e-02,2.773270856459235656e-01,3.437942060467744199e+00,1.760106781947458288e+01,8.671356165033042296e-02,6.169084110505956842e-02
1.366581864977863547e-01,5.474787376790137688e-02,3.698288419877696853e+00,3.414898759304133478e+02,2.782475518658366287e+00,1.034304073628158904e-01
1.651273744248260011e-01,1.324718404259791704e+00,2.132117406037667351e+01,1.686771723157857537e+02,3.103277706685656945e+00,1.751604711995151664e-01
4.413728952533516742e-02,1.957704961421056433e+00,1.548357209814109225e+01,5.213160717193969873e+01,2.378639607551298329e+00,5.950516445833979595e-02
2.056157371300614684e-02,1.192362592922853848e+00,3.437140330296612944e+01,4.648186729022711461e+01,1.052121544527752306e+00,1.926638852649750766e-02
1.279200931742239533e-01,2.969434187841587747e+00,3.703927771472122288e+01,4.141968731828816175e+01,1.587184795143083083e+00,9.630825216769009489e-02
1.549186613986982819e-01,2.264521002990278475e+00,3.902720841849411215e+01,1.041041450582214196e+02,2.229150930148148024e+00,7.170973474286253257e-02
3.910383484223936557e-01,4.243853389556184741e-01,1.768399729724988134e+01,1.803266676362587191e+02,8.986866384837561839e-01,6.359702359496711976e-02
3.345501523907680116e-03,1.025470180614239529e-01,9.895142619790591176e-01,5.564647251013974838e+00,1.366930172089166451e+00,4.438087702866769929e-02
1.013259491694274428e-01,6.355051978512021860e-01,7.354308499943580379e+00,1.357497181526691463e+02,1.904720205320217019e+00,4.653402967055836337e-01
3.844888401255972671e-02,1.588729650355350242e-01,4.089250408908084111e+00,6.301603068066421542e+01,1.923770058253220006e+00,1.280558100843518822e-02
8.660109314764569133e-02,8.552924920169173717e-01,1.053714036540100984e+01,5.256296504395610469e+01,7.747439233968006489e-01,1.293018764674367382e-01
2.687122924914258637e-01,5.046707121269482510e-01,1.701484347550135467e+01,1.314586877078415625e+02,3.927863315838224234e-01,2.078170826326531662e-01
5.953847288494119178e-02,4.248159844142069375e+00,1.213578733664270430e+02,1.421976852349902458e+02,4.265677241933055974e+00,3.094038188217847485e-01
9.520204683493355802e+00,1.386035035965069255e+02,3.331931629784375673e+03,3.366801678167676528e+03,1.302644568210258669e+01,7.714535599873108218e+00
2.151897889432682065e-01,1.787924612054492546e-01,5.576661803886070246e+00,1.419200720683725478e+02,5.454739863009140599e+00,1.137689314638729993e-01
1.653981229275241702e-02,1.341668302121576395e-01,6.959203727354891100e+01,7.056524070288895700e+01,8.729105489506697180e-02,3.584923545141632806e-02
6.178658548625631797e-02,5.802660839590845915e-02,4.535973805701928541e+00,1.790934949929154740e+01,2.090982902388563158e-01,5.781427215034986786e-03
2.734362611646294974e-03,4.040702920972715773e-01,9.060307697348274303e+01,9.762680456422984321e+01,2.157437775210665265e+00,4.556646329900731866e-03
9.568125223682909242e-02,2.321190706851872232e+00,8.798216541310054595e+00,1.433117316106383754e+01,1.314875531185519364e+00,6.133933820535528159e-02
1.136273672468060408e-01,3.142124861315129802e-01,1.240946696924117099e+01,1.470689438158260032e+02,1.558815506074854085e+00,4.928480366862108414e-02
5.258013253476101836e-03,5.686851665105903120e-01,6.682464755688143576e+00,1.507130113005274552e+01,5.383092785630528843e-01,6.944131327184086336e-03
6.442926819725949307e-03,2.504212613144183308e-01,2.297403960597305783e+00,5.925979381996090645e+00,1.972876586979311675e+00,3.314124907609242165e-02
3.586479225660620107e-02,1.333718236781661792e+00,1.521189367776945467e+00,1.823658640987656909e+01,3.580381194009821799e-01,4.263383829158667176e-02
1.082637461471371715e-02,1.131169441768370199e+00,4.513785444549850467e+01,6.599128365165242371e+01,8.637572499971345463e-01,1.598133614565726973e-02
2.117088649493370223e-01,3.264675558752053064e+00,6.745498979057077626e+00,6.080663604950296985e+01,1.800194467239487173e+00,6.094168030323033891e-01
1.582542183432511518e-01,2.607325460755239632e+00,2.197636634419543711e+01,2.810078744912897974e+01,2.297823453846343345e+00,2.371908554282396997e-01
1.351910407299384831e-01,1.114995926760490974e+00,6.064478966849748964e+00,6.378584446654637929e+01,2.671265124095728360e+00,2.083409525254817374e-01
1.798440336219311528e-02,1.755696020471330110e+00,8.904982115826436839e+00,1.689168183343247165e+01,2.224159996242547344e+00,3.073797259078667188e-02
8.623416879059498871e-03,1.575131524296822030e-02,4.305151130839117712e-01,5.966685387234950788e+00,2.226948897004675576e+00,3.053403718419263856e-03
1.954523137250057871e-02,2.870761359118223499e+00,3.200757456061476205e+02,4.042904436179463801e+02,3.189552434488633459e+00,2.556016040062966330e-02
1.286971706051629916e+00,5.293540835265813982e+00,5.404247844367658615e+01,4.110448288754492978e+02,1.596112243715650525e+00,2.313214179924855785e+00
9.849237555038561909e-02,1.480745624809862715e+00,4.220828886169283756e+00,4.076247254669735298e+01,1.970730460872514467e+00,5.357481882575140103e-02
6.106478576705114125e-02,1.382350011141578738e+00,8.478983120253950290e+00,5.453619991191472138e+01,1.137288858151820792e+00,3.070635973303600247e-02
5.139544177307802525e-02,2.110340141028165251e-01,1.425270153453468858e+00,1.334427326758632582e+01,3.518929359651683964e+00,1.880809128255125223e-02
2.655456435291565498e+00,2.211837919507991757e+01,7.170808698694995087e+01,2.719492757760859263e+02,3.388417709926985211e+00,2.539931569367541719e+00
9.744237923726156714e-01,5.703771971099752314e+00,3.824348838073339039e+02,5.536546360829122477e+02,1.624867889699092238e+00,2.075653922727745682e-01
1.290413988475631046e-01,6.345566624223965002e-01,1.049677038355407177e+01,1.086691155804041955e+02,1.055315266010077524e+00,4.840407766844078696e-01
3.072236889353293643e-01,1.752575158584990911e+00,4.776866859055264314e+01,3.438402756144116665e+02,4.372109080706593764e-01,6.026379326721174046e-01
5.044108998786963616e-01,2.646651429030823177e+00,1.309852890719977552e+02,2.411001481772431134e+02,5.487805367736041662e-01,5.547840556467634743e-01
1.355665089712640610e-02,1.257615399252441035e+00,5.965203424362436380e+01,8.544030979006906534e+01,2.729880005211494876e+00,4.389266712157068040e-02
1.818699178430978336e-02,4.323801956803856039e-01,6.960464537027990950e+00,2.336146520492454570e+01,8.734004047703202156e-01,8.624243539574786080e-03
2.760474766913294936e-02,3.655026424187328149e-01,4.392574328840043840e+00,2.481180676566972920e+01,2.597443820457731034e-01,1.317491723489552097e-02
1.031811501733287811e-01,3.182885219540266597e+00,9.984669002789084402e+01,6.418981279634753889e+01,9.971797020604989958e-01,1.971458294189864235e-01
8.562061499742079640e-02,2.705557785969349371e+00,4.657721928254265009e+01,1.329703763244242225e+02,1.032645019500501027e+00,4.630281006049571241e-02
1.535996426113215296e-01,1.040383232784643575e+01,1.476572748989437969e+02,2.007823149273362731e+02,1.266017302287413049e+00,1.085930091448828877e-01
1.198068847020451050e-02,8.986062209982630389e-01,8.670201073347433507e+00,9.633312776525315257e+00,1.576894330787436571e+00,1.116031945579286366e-02
3.017391921255977924e-02,6.098310626165065473e-02,8.237807696293204529e-01,4.240868125172431036e+01,2.141971194243612597e+00,3.004158694953308270e-02
6.908842367110332172e-02,1.997947816519966890e+00,3.206006444864167548e+01,7.635176725001623765e+01,4.072704369235862765e-01,4.118896106732936740e-02
9.989319006391698952e-02,7.396854226052754777e-01,1.998716334030379738e+00,7.993539463866225958e+01,3.083798538608919948e+00,2.622772694861075227e-01
5.215638393329423417e-02,1.534287079447446356e+00,5.367680865366561704e+01,5.140061778937469228e+01,8.267995324705975646e-01,6.306868450163501116e-02
1.229857599456076356e-03,1.537375683183998254e-01,8.852596454681158633e+00,1.206972584183101205e+01,4.404857208004410163e-01,1.498850905752649020e-03
5.176966703829077865e-01,4.521974618567361048e+00,4.855794857290675282e+01,2.134732622495746170e+02,3.300076401567684226e+00,1.013973885549484422e+00
3.398450317015781069e-02,1.357283903515778434e+00,4.246835402873649912e+01,5.702194293084980359e+01,1.473345302310151261e+00,4.371546345117834770e-02
3.528486226912330714e+00,2.868957401388842587e+00,2.257703518742090978e+02,1.197509816525194537e+03,3.671313395662953560e+00,7.086819288909630421e-01
2.858805622943130526e-03,1.953425598144518105e-01,1.195179848827450986e+00,3.116133052112432633e+00,7.350422307537210820e+00,5.934438880288089163e-03
2.708927463535075741e-01,3.085775450049133894e+00,2.551491915472037419e+01,2.461139460903551424e+01,2.189720374007928960e+00,7.679818342023617683e-01
7.206633360879552419e-02,1.219138220212971080e-01,1.956442784095829390e+00,1.397180451982601994e+02,8.546789013595216256e-01,3.157073235168202097e-02
1.428750027074826012e-01,7.586654943348625224e-01,2.509119878466246334e+01,7.721634325324484394e+01,2.620886461430497416e+00,3.430116792534960296e-02
3.170160199183038457e-02,1.969444022952834494e+00,2.887744781348994749e+01,3.504736329604472900e+01,3.356962980078276315e-01,9.005944573203372716e-02
5.589514296392399800e-02,1.201960469673508003e+00,2.627168228544801920e+00,1.548259375523590364e+01,8.211272921484018550e-01,6.816185854856272874e-02
2.694138427040063455e+00,1.496740522070916946e+01,4.426718786915593569e+02,9.913617424537718534e+02,2.220798851844896227e+00,1.391466661158892615e+00
6.459640736930351290e-02,1.592547746066107051e+00,9.163487946011309448e-01,2.571529673851485498e+01,1.029887751657338590e+00,1.381738747781758314e-01
2.587563185568595922e-02,2.365529341344269620e-01,1.477407053554636196e+00,1.133450414053655031e+01,3.096043979495548548e-01,6.197717683521539178e-02
2.649969552397264325e-02,6.861228429438051557e-02,4.999653032570615108e-01,3.501685381595009972e+01,2.177373780929606095e+00,1.517592077346545214e-02
1.868334178263427459e-01,4.213273495252413126e-01,4.557755891379901669e+00,9.859000239690197986e+01,4.694631138687316296e-01,1.971670568302762161e-01
1.011996427394668968e-01,3.232140977784678348e+00,1.692926713746827616e+01,1.052390418521749353e+02,2.774888705476304729e+00,6.269907181795596474e-01
