Mc,M,eta,chi1z,chi2z,DL,e0
4.217632022425339500e+01,1.045240274649595449e+02,2.203370772805280930e-01,4.244834723873900373e-01,4.950176555501588638e-01,1.005369655012163275e+05,2.564677210316627584e-02
1.478751706373393127e+01,5.585884466498602308e+01,1.091454200185816709e-01,-6.312645755853463214e-01,6.153235638688632214e-01,1.620647759317724558e+05,1.922250995843776539e-02
3.711833921516874568e+01,1.379743985788109057e+02,1.121114693297453613e-01,-8.912462044673288286e-01,3.735417592374272733e-01,1.675069176655018964e+04,1.327332019923418704e-01
4.647585336533218481e+01,3.532769477065908177e+02,3.402933448146475831e-02,1.196294621734717012e-01,3.778429748498384200e-01,1.368270353410922689e+05,1.580245360484369976e-01
3.382950936790119556e+01,3.455898535973138337e+02,2.079175711995359319e-02,-3.585879485871805716e-01,5.312428203669739002e-01,1.441370826368955313e+05,2.189423760069460906e-02
1.566033909519047640e+01,4.200468010781358430e+01,1.931252830894797934e-01,-2.852296232022755174e-02,5.282390352123937927e-01,6.961265898005675990e+04,3.327404550298308783e-02
1.144934460153603339e+01,4.312313595613429129e+01,1.096774014093336302e-01,-1.583342264477937134e-01,1.655868371698954178e-01,8.493736191607071669e+04,1.385257145751290775e-01
1.018090267466494936e+01,2.479956207457691875e+01,2.267620928369235012e-01,-5.923176905742347786e-01,2.208722895381491913e-01,1.347053492699881899e+05,1.573272195441939580e-02
1.620218388803062055e+02,4.046521905412068918e+02,2.175134425580066699e-01,-1.142391613386960492e-01,5.571558657899757794e-01,1.956879017350718204e+05,1.122209967053452301e-02
4.512483327893875185e+01,1.044207245804345376e+02,2.470101767555944461e-01,9.499894793526375558e-02,-8.328253337450466365e-01,4.625496082745741296e+04,1.064656855896918275e-01
5.827862207327402899e+00,1.356768056430439984e+01,2.445341066316919498e-01,2.702183431611526743e-01,-4.579929809807953278e-01,4.667630643413613143e+04,9.496162634875546238e-02
3.249830400871640279e+01,7.533595352642564080e+01,2.462808700540929097e-01,2.847686906769471005e-01,7.733449476922713561e-01,6.809865455860621296e+04,1.341279924939004636e-02
1.223389451795829928e+02,3.735578885873461559e+02,1.556006353658920816e-01,-9.754242638039161140e-01,-8.049621826289803384e-01,5.712872141920390277e+04,1.231042882853645125e-02
1.522294413117777481e+02,3.517611386737146404e+02,2.476003903819207763e-01,5.158303781641866426e-01,6.866083082917189273e-01,2.289382511779126071e+05,1.071191542210206057e-02
1.281878487387636767e+02,3.194544792914665550e+02,2.183047214380277046e-01,-6.772040525732073712e-01,8.473455175862818489e-01,1.838866007689101971e+05,1.613150304390938983e-01
2.021421201332674755e+01,5.751492375615385555e+01,1.750358924935145055e-01,-7.586540065014943934e-01,3.627049248870812814e-01,1.627313769492505235e+05,3.329947648361780699e-02
1.136507445057433330e+02,4.106814351608165339e+02,1.175200651042303396e-01,-2.505753333771153502e-01,-7.834606519922031609e-01,9.027059623727989674e+04,2.239629615359620129e-02
1.972893600927760005e+01,1.555843320934241092e+02,3.200587272785308801e-02,2.769460947654356353e-01,-9.404532790003877762e-01,1.031976354878846614e+05,2.311355932481111083e-02
4.294790623383129713e+01,2.018783624063451043e+02,7.581474963871562278e-02,9.510081640581973250e-01,-1.038570051488989510e-01,1.563535233544692455e+05,1.184937699971208430e-01
3.171723221146478622e+01,2.236885236252290952e+02,3.855546670036708728e-02,7.663544991300028641e-01,4.357967592085318920e-01,1.672304551135149450e+04,1.430432785523034211e-01
1.413654679419954441e+01,3.762383043331983146e+01,1.956443052585755127e-01,-1.611121356316046471e-01,-9.305641327594300627e-01,1.282024430421335855e+05,1.902084916439211737e-02
3.436465449210100331e+01,8.312144923760411075e+01,2.294377060997105089e-01,-7.002527953127462013e-01,-5.531981795500551247e-02,4.766643414613320783e+04,1.905686991290977961e-02
3.545457358558358152e+01,2.174877105667839032e+02,4.864772941019732816e-02,7.312780900196158562e-01,-8.899830293771645584e-01,9.818569362428042223e+04,3.505679353299157031e-02
7.681901085499225701e+01,2.169132648193715909e+02,1.772709883787940144e-01,-5.808422537315653944e-01,-7.144112558899358145e-01,1.557238685342141835e+05,2.170609462780640625e-02
7.715626492861321140e+01,2.116777212817756890e+02,1.859916326072568737e-01,-6.606386553037151277e-01,-4.306336249885336365e-01,5.269903858675171796e+04,1.601218464046550716e-01
4.219515788862995009e+01,2.515380422890451086e+02,5.102287187388053480e-02,1.908159458572289413e-01,6.097675394965034190e-01,2.244078705571375613e+05,1.240807034681433996e-01
1.421911189570772081e+02,3.338230285037942622e+02,2.411350260677640467e-01,-8.545338629759724469e-02,-5.787480501083743789e-01,1.508219656758328201e+05,1.583455009082184173e-01
4.631265956105727355e+01,2.960399169703698590e+02,4.542020392751920654e-02,-1.245434018392895803e-01,9.509654832388401147e-01,1.787478825620970747e+05,1.198753347664327507e-01
2.493639198946808477e+01,6.371149597560035716e+01,2.094239545036094829e-01,7.176610074321181365e-01,-6.660094830502407692e-01,1.615757171894889034e+05,1.302522650373840428e-02
2.299918789299168864e+01,5.566337562396461891e+01,2.292124846030889895e-01,-1.666707400332014810e-01,-1.545085044016000220e-01,2.036493556399031659e+05,5.940779059459890682e-02
1.065391191905807844e+01,3.745087797331877510e+01,1.230491158423848430e-01,-5.601907849051992461e-01,4.056426054466961695e-01,1.491763764317045279e+05,1.027864523392752472e-01
1.901801952729199741e+01,6.274976942199130292e+01,1.367482963447020083e-01,8.564332111308072815e-01,1.484279335557441293e-01,8.201587744643648330e+04,1.945346284103433576e-01
1.075596589785796482e+02,2.662113876483830381e+02,2.208197831054446447e-01,5.515922256543259738e-01,-8.874507229010608622e-02,1.031064503036278620e+05,1.733177550970751296e-02
6.166820920177644183e+01,3.834088541616839620e+02,4.756987371460879438e-02,9.541954326399253450e-01,-8.193890938019228187e-01,1.505801753322157892e+05,1.616392231055832282e-02
2.595063879221338965e+01,5.994174514035729828e+01,2.477599567730698893e-01,8.696296983446245576e-01,-3.734756286937245262e-01,2.141251579283779138e+05,1.895331083799862634e-02
1.166351596689848691e+02,4.406330961945607214e+02,1.091240870851455519e-01,1.918578557316905631e-01,6.792173865003454658e-01,2.276045050181795377e+05,1.646461527836880767e-01
1.464582480725111679e+01,3.364983432219334247e+01,2.499682448942746604e-01,5.580667445917151248e-01,4.593954468849643646e-01,2.147952199168578081e+05,2.375112087996750221e-02
1.256322398282063268e+01,5.647621693930535969e+01,8.166936422791307160e-02,-6.464652395681356190e-01,-5.363368848551637313e-01,1.109917367966025813e+04,1.839257130062594281e-01
4.795413928446436813e+01,3.568903756075354181e+02,3.524943065579681789e-02,-2.811122993181741636e-01,-1.369580664159837369e-01,1.462536326502998418e+05,1.785341123416833431e-01
1.507602417682010199e+01,8.248313879129469228e+01,5.886666201516093516e-02,9.702000972963076286e-02,7.406051836184457393e-02,2.655370725544661400e+04,1.721948481389017904e-01
1.006928464224295965e+02,2.458959115124330879e+02,2.258112197531099985e-01,-2.467037830006546528e-01,-4.640352866760837358e-01,1.427586794149901834e+05,3.386778659149044385e-02
2.077291278641592598e+01,6.449841776246459801e+01,1.513261192465616967e-01,7.206157693260408781e-01,-3.725499475512483727e-03,1.108646649162393442e+05,2.476811456040458118e-02
7.052032876528404870e+01,2.233189248307210732e+02,1.464360481305754247e-01,-6.382281165179184423e-01,4.982567842905123445e-01,1.516297561582663329e+05,4.511403454361815474e-02
8.050083276539433541e+01,1.961185648054539854e+02,2.267093566115750969e-01,8.649955284033805647e-01,-2.765534934769793285e-01,9.196202304295836075e+04,1.213778876162375647e-01
7.529957968015146719e+00,2.014946620211087236e+01,1.938868453227279021e-01,7.305340142005876114e-01,7.224778337273551898e-01,9.531596851529300329e+04,2.071858810499534187e-02
1.580667345661783507e+01,6.574188605650468276e+01,9.296736823972667763e-02,8.810217586902349129e-01,-4.754803729817597135e-01,1.814762992952344357e+05,1.001858502834706427e-02
1.336619444848786031e+02,3.141160848290986678e+02,2.407295100208831362e-01,-1.942957069323179020e-01,5.716544974319199834e-01,1.115968164245213411e+05,7.147882293481962190e-02
4.700913279255777866e+01,3.421678703723366652e+02,3.657954967265797386e-02,2.817780234927407257e-01,-5.312607432680462871e-01,6.236657413662200997e+04,1.640852493611968943e-02
1.528521324463869746e+01,3.556271251297272329e+01,2.447903941788241722e-01,7.013784590532490260e-01,9.427399312650632801e-01,1.934293679181202315e+05,2.321759364777111270e-02
3.388181524467186989e+01,1.643311651152784520e+02,7.195780257614557696e-02,-1.444199365495408838e-01,-5.005239074937959387e-01,2.114035770428143151e+05,4.129185204987536467e-02
1.168602735786940059e+02,2.837425625330822641e+02,2.279838167946268424e-01,2.241605973009419550e-02,6.098164152346157163e-01,2.040884141795321484e+05,1.449379375209570997e-01
9.218583926624610569e+01,2.568014005639991524e+02,1.813195822597362117e-01,8.483395256601569123e-01,-2.927949328839796195e-02,1.075779452871643589e+05,5.373098121616575601e-02
3.242666764365088028e+01,2.337655460779083398e+02,3.717089600852437059e-02,-5.077614689872281817e-01,3.956630270890066914e-01,1.198630725654906273e+05,1.534834156864567090e-01
5.685057352169653200e+01,2.522094828954049603e+02,8.348768093386781108e-02,5.689652050175466602e-01,-8.943770776664471400e-01,1.709250952372684551e+05,1.180063533740816767e-02
2.956750709072110794e+01,7.149830221196236835e+01,2.295434830911671775e-01,8.572862123714639626e-01,-7.779982014977545601e-01,1.282939515411289613e+05,3.392841683741188580e-02
2.577728322315507370e+01,7.188669244145272330e+01,1.809871476867261075e-01,-6.400798508891487604e-01,1.604505938697791123e-01,1.529248599909424083e+05,7.787047226161261659e-02
3.518579684570445210e+01,1.029133734675983334e+02,1.671703662611836450e-01,5.555782143498149139e-01,1.463296633647643841e-01,1.180675930598068226e+05,1.184257907715038916e-02
4.778095158730351955e+01,1.859511317375815906e+02,1.038548098052710228e-01,1.674531778706371821e-01,9.330710917637212720e-01,1.178494472728053515e+05,1.334219209069105634e-02
1.597719970258533522e+02,4.799327821517984489e+02,1.599068542375043922e-01,1.365691954648129425e-02,-6.703329635945458609e-01,2.148350704343038378e+05,4.309964205958623229e-02
9.662291471819320066e+01,3.457377615889574258e+02,1.194599138466631572e-01,2.560372274764823874e-01,4.894889763567784602e-01,2.010869527132353687e+04,1.505509573389960699e-02
4.959128150117485490e+01,1.342462078640154459e+02,1.901832102813117986e-01,9.608773260903331614e-01,-8.000381253110366853e-01,1.266402480956952350e+05,5.562198111958255309e-02
1.451793540440794743e+02,3.525052903452785813e+02,2.279810244662971164e-01,2.904718142437670014e-01,1.149804715615956319e-01,3.548018332553596701e+04,1.673978248721932210e-02
2.138315432474065005e+02,4.982677879441563391e+02,2.441639811344926414e-01,-3.722807649859599666e-01,9.138462274282754816e-01,1.149936054544561921e+05,1.762035514302960904e-01
6.317510218612154205e+01,1.460737525023069452e+02,2.473372977825541719e-01,3.627084361849108873e-02,7.703600883676264832e-01,1.641501189048570814e+05,1.649748367895180132e-02
2.505257265885322582e+01,5.895337278505182610e+01,2.401998819536212970e-01,-1.779231248257659992e-01,-7.402284799376122049e-01,2.152844374693493010e+05,1.068372116756275830e-01
2.162147857450724189e+02,4.979418124850418508e+02,2.489877552192635568e-01,-7.985980331373510044e-01,9.683666209864987273e-01,7.365407093528284167e+04,2.127565306923658722e-02
6.374384883580515293e+01,2.530336779551571453e+02,1.004846962057513865e-01,2.251566433970377812e-01,-3.327311260583554198e-01,2.070613122330516344e+05,8.425411759482756557e-02
2.544671889124442288e+01,1.381421191480291384e+02,5.963613150608762514e-02,-6.943381803930255280e-01,1.591765441456240993e-01,9.773513746908394387e+04,1.687355478965527067e-02
6.303741505137755752e+01,1.451520650353676558e+02,2.490531057624283950e-01,-7.176916447291268319e-01,8.461587462979387464e-01,3.774180803200315859e+04,2.757900193883549428e-02
6.850908107332484676e+00,1.707607832700364625e+01,2.182394910094838936e-01,-2.220570622133856142e-01,-5.556155970196187122e-01,1.796477406524170365e+05,1.865251068563367753e-01
3.849695893426959969e+01,1.380348849960427913e+02,1.190499662782226048e-01,-1.711920101924900850e-01,5.806666342919382107e-01,9.074781989483450889e+04,5.693222410357597074e-02
1.820342711371600330e+01,9.554768407255991747e+01,6.307951185797891491e-02,-1.145471327779352677e-01,-3.098618656778568958e-01,1.691864689804516383e+05,3.629068914796344802e-02
1.993704105875044519e+01,7.051438415653611003e+01,1.217974819959825039e-01,9.177762431455871450e-01,3.538696677607253704e-01,5.088727538904760149e+04,1.193214611296829347e-01
8.559321099732171945e+01,2.172822521634670352e+02,2.116858236852165454e-01,1.514769931907165024e-01,8.836949701730349993e-01,1.701818076769760810e+05,1.550747984291482931e-02
1.821038199750666138e+02,4.232776957566983356e+02,2.451824908983807338e-01,-3.742817552031401096e-01,-7.216083027548609863e-01,9.468171225928464264e+04,1.021915675794171120e-02
8.723542305599620406e+00,2.628162927087633349e+01,1.591234957715615961e-01,-6.134443924980312879e-01,-5.235158108471493765e-01,4.249338266454605218e+03,4.932296743827607050e-02
1.164069533026725622e+01,3.493014214214880298e+01,1.601883579552589032e-01,-5.677607612533406289e-01,-2.330102725420126752e-01,1.233143692641727976e+05,1.914423318460036980e-02
2.033205788086153021e+01,4.814229782952811831e+01,2.377337659761030453e-01,-9.469161849841075673e-01,2.455661556917996258e-01,3.640903735324079753e+04,1.183892055310255785e-02
6.843854977408685158e+01,1.616208086566818167e+02,2.387843564454047440e-01,1.162792460674504369e-01,-8.440908887729128285e-01,2.034192593974682095e+05,9.512410538430136897e-02
2.380942737822483082e+02,5.761996943492847549e+02,2.292414843178900152e-01,-8.248219894186862300e-01,-5.953358763644172047e-01,1.826912687674462213e+05,7.222681471955622046e-02
5.919977624235842484e+01,2.168138739474829322e+02,1.149180707727326944e-01,2.950734923266302712e-01,4.309525269866367747e-01,1.666323200187264883e+05,6.324590820324693663e-02
8.774068670848572893e+00,2.590613170067571502e+01,1.645624584460015083e-01,-8.064797587090527520e-01,-6.537082359372763385e-01,2.252134853686460701e+04,1.697083375949837505e-02
6.734172366388565756e+00,1.663412658331365535e+01,2.215509978323522422e-01,1.449574666997903716e-01,2.707893703179033995e-01,1.466905711821278383e+05,7.325655637581868218e-02
6.390244955792661585e+01,1.515704125787740395e+02,2.370491790951446687e-01,2.027533384601327704e-01,1.448241804536600785e-01,1.877834994144498487e+05,1.599261949356491630e-01
1.101142733734825008e+01,2.584774734138285623e+01,2.411949417695365139e-01,9.489941998311774984e-01,5.041238726112391433e-01,6.333554486406025717e+03,5.815831686166798853e-02
2.851663880895038261e+01,2.239774562207699660e+02,3.222231297415124179e-02,-1.353100228904667857e-01,8.905490742840076468e-01,1.487003870109541458e+05,2.753923868876251638e-02
2.725387658397451673e+01,8.611387263777567114e+01,1.469801233744882363e-01,8.024529229566526034e-01,9.684121293792413709e-01,1.159647973819312610e+05,1.050121665082347361e-01
2.245218936139962551e+01,5.495063290778661269e+01,2.249796978525540891e-01,7.613508679547440483e-01,-9.304314725854702095e-01,6.764429169910172641e+04,4.815381517899049169e-02
8.156363953541026035e+01,2.902537012458752770e+02,1.205585595401755666e-01,2.852810699404917383e-01,-4.811348159180400264e-01,5.526123122915258136e+04,1.802212097596767384e-02
2.754232523114685449e+01,2.009412875844485598e+02,3.643781857999082996e-02,6.003381360572379588e-01,-7.630874106329145201e-01,7.402141038527536148e+04,7.144182327211545669e-02
9.574551686108216586e+01,3.995957912244049339e+02,9.243346588899976901e-02,4.631771377825031344e-01,-6.786289001094683027e-01,1.434059582242702018e+05,2.554465474144441625e-02
1.546369124017991936e+01,5.557295289737442090e+01,1.185994913215632218e-01,4.867224027592786939e-01,-8.670244715830275339e-01,1.154793759113231208e+05,3.122461968107247132e-02
5.387960278522015045e+01,2.583566672076775603e+02,7.334004740519724230e-02,2.374155865563549739e-01,4.992601373325058489e-01,2.174130699756249378e+05,1.512768568362147376e-02
1.810904632978171236e+01,4.829956805772931716e+01,1.949487949066500692e-01,5.622998803822198965e-01,-4.812605855229486473e-01,2.312171260540252479e+04,4.848116199161223161e-02
5.873294107810119868e+01,3.212131015926205464e+02,5.890436744672054858e-02,-4.180377476653812652e-01,-2.452382895030426058e-01,2.055151363120594760e+05,8.122630539159017560e-02
5.677972392848383976e+01,1.648999333764616040e+02,1.691562286739979049e-01,-2.684253256121749143e-01,5.277605188703426986e-01,1.416743943665312836e+05,8.010802408042534684e-02
1.282429935186098078e+02,3.222068085997437379e+02,2.153599240949665983e-01,8.900395341646045733e-01,-6.735019136106893400e-01,1.928887886026529595e+05,5.743154274888054300e-02
2.005508166383692625e+01,5.515925171926600257e+01,1.852152666890100885e-01,8.230790915790138218e-01,6.446159591823110713e-01,6.095200445037832833e+04,1.321159814276803290e-01
4.944788681604120484e+01,1.173739053174724916e+02,2.367519888813877926e-01,2.268402793358779146e-01,-3.616553251760376009e-01,7.800618375556885439e+04,6.076185711852685051e-02
5.598648963507142184e+01,1.824496323059424583e+02,1.396048187814308839e-01,-9.690168504809903993e-01,-5.580191885890432024e-01,6.809766948577268340e+04,2.389691595476602093e-02
6.834480206045795114e+01,2.249234488469979283e+02,1.373360629592963733e-01,3.461887285531244363e-01,-8.434126948008793256e-01,1.883599546934791724e+05,1.431928743140939257e-02
1.168714650933090127e+01,3.030085850974157324e+01,2.043725630456913467e-01,-2.099104461151783951e-01,-7.601131840833503794e-01,1.771290648455830524e+05,3.115285086750890775e-02
7.797379436046117007e+01,2.344967090198219353e+02,1.595952129027914113e-01,-7.208969545542739388e-01,-8.876233648053566405e-01,5.727967736359619448e+04,1.644288087456010905e-01
4.060979099904946565e+01,1.565006321439282146e+02,1.055660885814763972e-01,6.594514790452101760e-01,-8.961248202294943566e-01,3.485782966664935520e+04,6.322504728600078505e-02
1.415577310236681683e+02,3.508928451848365739e+02,2.202580550542898030e-01,-6.791450933598850437e-01,-2.996083674173350975e-01,1.129783821995633116e+04,2.053915836554803462e-02
1.812367820637985361e+01,4.206858642290328021e+01,2.457427451855421219e-01,1.438088747231458520e-01,-6.726508154987898003e-01,2.003850257216608152e+05,2.716636268127581993e-02
2.829538565989836343e+02,6.521937175012506032e+02,2.486365729415607739e-01,-8.060969323761905114e-01,-5.686679943084689270e-01,2.199794394872150224e+04,6.502111224587919791e-02
1.676910860915347712e+01,4.003098524217714527e+01,2.345251905169538353e-01,-8.365574805968992722e-01,-7.782654365386577622e-01,2.163174608464352423e+04,1.347192645001183409e-01
4.177563754820500463e+01,1.366767921781847690e+02,1.386906494951046787e-01,3.274114726870909209e-01,2.269468604199662565e-01,1.857905265599783452e+05,1.351902924900751368e-01
1.171240319023167764e+01,2.815718518437078188e+01,2.317899642490512668e-01,9.510246384691580790e-01,-6.447079601534628779e-01,4.657886270697529835e+04,1.122598486463844136e-01
1.354888296628826936e+02,3.379327390652675831e+02,2.179994367951441914e-01,4.618453560660953361e-01,-4.561650787580229238e-02,1.466406846193157544e+05,7.798046319451541752e-02
1.612777570214415235e+01,4.035190962771658008e+01,2.168622557954499042e-01,4.870783655155142000e-03,-4.121726123913813655e-01,4.308363321671478479e+04,4.899619225480882773e-02
3.563223357907981637e+01,3.494132276937168058e+02,2.225902690304060183e-02,4.288367056271480404e-01,-3.933981190145404705e-01,5.872444144157080700e+03,6.806113570462750395e-02
1.272057792702632462e+01,3.351010223047612158e+01,1.990146971766710571e-01,-4.707304452893801283e-02,-7.053163850052306394e-01,1.653870715460838983e+05,1.690753690535885465e-02
2.109642454733941577e+02,5.244396985294176829e+02,2.192075438763933237e-01,9.725675849293387021e-01,-4.283801114710108493e-01,6.434003443282364969e+03,5.585263470039699557e-02
2.911465684793670050e+01,8.761894002036717666e+01,1.594126573547862968e-01,-1.996136148825584655e-01,2.394523080712358531e-01,2.642203429509778744e+03,1.569116296204411676e-01
1.330841659650157816e+01,3.163012447974336538e+01,2.362521721873382108e-01,6.215956227370891263e-01,9.227446184482048785e-01,1.740018669843347743e+05,6.354347813203031770e-02
2.511041693774593142e+01,9.976118189541934100e+01,1.003430344525714085e-01,4.854109358784741701e-01,-4.380045752376706680e-01,1.637683280604679894e+05,2.270260773761510059e-02
4.162296017819875971e+01,1.820145622578275209e+02,8.551547517803816112e-02,2.884510101211639199e-01,8.642931376409552779e-01,2.168095872057420202e+05,2.634194477533866041e-02
1.384795452330680803e+02,3.460985455264208781e+02,2.172583235893151277e-01,-9.482546055919960359e-02,3.278103777086600612e-01,8.465971705009092693e+04,1.445536024674290952e-02
9.085868558132639805e+01,3.930436792224145393e+02,8.707150585114464825e-02,-9.315315423190593247e-01,2.500571097627943828e-01,1.338371575517464080e+05,1.040505355090866335e-01
2.706012950585620302e+01,1.551162791179636997e+02,5.446541541983879881e-02,9.760764646266184563e-02,4.374948085894496685e-01,1.266280093925383699e+05,1.657893193664635445e-01
3.703545075821213572e+01,8.719451984457057847e+01,2.400015651233051994e-01,6.772863906523938216e-01,3.143312112975542583e-01,1.743435333156659617e+05,1.917174331917323171e-01
1.872654012722806982e+01,4.320178753194126386e+01,2.482712217274886668e-01,4.086362041409854484e-01,4.393372639952051184e-01,7.370662988184705000e+02,9.729229904304166621e-02
5.220903211266570310e+01,1.538008432719260838e+02,1.651878911922003423e-01,-1.033011320083980777e-01,-4.352512434783698536e-01,7.024323707966663642e+04,1.455828284678819563e-02
1.815631776758619651e+02,4.183115569199649144e+02,2.488168874601290603e-01,-5.071148503169351507e-01,3.075431402515116375e-01,1.873773164919537667e+05,1.810121568504655110e-02
6.668536654713142298e+01,1.570609431961269706e+02,2.398486265120050587e-01,-4.313665164339597347e-02,7.673972956277204105e-01,9.294072086846852471e+03,2.729702865252826155e-02
5.607123243862737638e+01,2.389506240391831113e+02,8.927295040975724572e-02,-8.491990770852186898e-01,-3.916638956450263498e-01,1.375483417833411841e+04,1.037161138722076173e-02
8.963107262482621707e+01,2.267502212614660380e+02,2.129044752086058923e-01,4.504911587391036143e-01,-2.437852349177340727e-01,3.816507546565813391e+04,3.426866147772303361e-02
6.463234091002269111e+01,2.833684913640938703e+02,8.514592732098785755e-02,-4.571794278256245958e-01,-8.472620890272761773e-01,1.592664349604897689e+04,8.150871567500421466e-02
5.239173389446528972e+01,1.206899336881255067e+02,2.488778262182321233e-01,5.060259644571627469e-01,-5.709261415013716645e-01,2.237908104126746475e+05,4.239146793080714876e-02
1.169385730360343985e+02,2.691648605063404034e+02,2.492101423018402151e-01,1.921460968263111191e-01,7.640207384523147738e-01,1.797767389924188028e+05,1.676074327673317613e-02
3.488151198303500422e+01,8.939333759205985075e+01,2.083612314383726516e-01,-1.914488740098226893e-01,-1.110907348247069937e-02,1.111134882193558151e+05,2.149768134126545799e-02
8.115899966082440642e+01,2.219548198906816197e+02,1.869764206258913430e-01,-5.686477558185494274e-01,6.324589180288293644e-01,8.249416647821196239e+04,6.851710974656725905e-02
4.100924074901444527e+01,1.536494886375734836e+02,1.106414051249271363e-01,-8.260422077928246676e-01,-8.554912632627522662e-01,2.071355753851749760e+05,2.191629229427184689e-02
1.246027318673786226e+02,3.715136430767902880e+02,1.619029127177674943e-01,-8.335320096713303428e-01,5.972441383766711187e-01,2.290580634030623187e+05,5.545390039624870787e-02
3.290726509643436515e+01,2.178678575554675660e+02,4.283818333950091539e-02,-6.977489385268510480e-01,-2.119393706776409037e-01,1.703503601702793967e+05,1.806971207731791415e-02
2.076919359439568424e+01,7.728675281555182153e+01,1.119070951687016202e-01,-5.508971717699517878e-01,1.007824367775445040e-01,9.026931394537618326e+04,1.579180069802369746e-01
1.270645132949462308e+01,3.975305781041663522e+01,1.494248728793742542e-01,4.961046477247890163e-01,-5.971149599010326936e-01,1.105385955261935596e+05,4.418320591255502777e-02
1.989013999847766812e+01,5.737310041676878569e+01,1.710865494165925982e-01,1.288431497830007100e-01,9.591886665443802862e-01,1.944345673407317372e+04,6.775942574278648323e-02
3.191353470052568753e+01,7.512057489769820506e+01,2.400822263008633717e-01,5.449763270898204670e-01,-6.728275745496494764e-01,9.418117921174836738e+03,3.657370231390966175e-02
5.848256530238815287e+01,1.365911414022542942e+02,2.432240227564557988e-01,-6.310955592563152194e-01,-7.439537245325722470e-01,1.733956144113569171e+05,1.209289382266772080e-02
1.961461499585229973e+01,4.938539964037983054e+01,2.146027876800256362e-01,-1.042091924295207583e-02,-2.043383294731870858e-01,1.027090976256266877e+05,1.757317805918242812e-02
1.333450418508722102e+01,4.940891014277487869e+01,1.127074600555211525e-01,-6.340219339165769075e-01,3.705254047156605335e-01,4.300694967455899314e+04,1.833282923975093626e-01
1.466091801918323334e+01,3.755460761340484765e+01,2.085274477247869018e-01,-5.959624521121096308e-01,-6.704167309214622561e-01,6.025128923132309865e+04,1.191585665147839104e-02
3.329311711228810111e+01,3.115306563555640196e+02,2.406704558715802578e-02,8.106592996741126544e-01,8.097481983459366983e-01,8.514465756633452838e+04,2.994644920051191261e-02
2.553048155868419045e+01,5.907916983226468943e+01,2.470061145496790789e-01,-3.185135302683399505e-01,5.760113092175682681e-01,9.570219122001781216e+03,1.959872695246972496e-02
3.394565282824751762e+01,2.393097341234950193e+02,3.858095749257946933e-02,3.226368638746850426e-01,6.215177485691347758e-01,1.661774387835108209e+05,2.000069881328104746e-02
1.108565726976848680e+02,3.439712587938629440e+02,1.514951814873893299e-01,4.610599467956819630e-01,-1.032854679529612296e-01,6.236178896944683220e+04,1.427470588396590953e-02
6.593645640392810314e+00,1.590457459069258128e+01,2.305008741640325320e-01,9.905645430721876643e-02,1.393053352027933123e-01,1.955405644016471633e+05,1.090066627540041549e-01
1.722562699108620876e+01,6.158380715347551160e+01,1.196320398847837557e-01,-3.223696578481077823e-01,-6.994275453054549230e-01,2.203715925531367247e+05,1.152565132162334041e-02
4.651358487256373309e+01,1.072620202205931434e+02,2.484408845809928934e-01,3.129310460188707843e-01,1.283683284203038788e-01,4.128109851498112221e+03,6.634218003233612049e-02
1.945051712051429504e+01,4.571029590963721034e+01,2.407290668603773720e-01,9.615740459319825906e-01,-9.509906746890071094e-01,1.724623832967704802e+05,5.051725495507293495e-02
3.225358972011348868e+01,8.398074130593012399e+01,2.029226797721054021e-01,3.922090347873561367e-01,-4.118290734533707198e-01,1.065844743268428138e+05,1.562087941838093130e-01
2.452252818406963186e+01,7.111057423997803539e+01,1.695840857388719314e-01,-5.632150632217387543e-01,6.876985292540391814e-01,4.832566057604875095e+04,5.533265691340279180e-02
1.779378773615012577e+01,4.873504255708233757e+01,1.865141390110146846e-01,6.514328472464498976e-01,-6.618955033670711474e-01,2.516968440675993770e+04,1.158994039728685893e-01
4.190306112719781595e+01,2.409143651398299539e+02,5.419656432882399844e-02,-5.635002908543906841e-05,-1.833290180737384700e-01,7.117589618131357383e+03,5.146024676332009579e-02
1.565202314242106922e+02,3.617141759296032433e+02,2.475568339222419811e-01,4.703931643001681984e-01,5.294913580970597167e-01,2.189190639731555711e+05,3.251997326819315581e-02
1.885782854902765138e+01,4.493443025418971359e+01,2.352451828864439987e-01,-9.880939007110800532e-02,8.151800905621218174e-01,1.253875830910278310e+05,3.239798635481048322e-02
7.376276383345515342e+01,3.975227552217380662e+02,6.036594151977967004e-02,2.542974144367549094e-01,1.201009356882343226e-02,9.948968584176273725e+04,1.491791996747310681e-02
2.337390996976776947e+01,2.397921163513101135e+02,2.064559690527525970e-02,-2.865512572205418662e-01,-6.878417199513260361e-01,1.464207256173639908e+05,1.264314437309852490e-01
3.473891167572637073e+01,1.534209771723147355e+02,8.411738695621824580e-02,8.339371281917147272e-01,-8.321302797958392006e-01,1.560272439250436728e+05,2.687226960822253208e-02
6.423765535598974452e+01,1.575232912325430448e+02,2.242546754482022675e-01,1.734600958718930386e-01,-5.153888303730770337e-01,1.201202952476935752e+05,5.349046458632333856e-02
5.367407217880818848e+01,1.618730606208854397e+02,1.588485589734209835e-01,-9.354575935865538927e-02,2.616196293679620144e-01,1.689931097355794918e+05,8.319122235876304228e-02
5.828423326365341772e+00,1.340729317165115297e+01,2.494690286495589715e-01,-4.886602616164278934e-01,8.814277015356841716e-02,1.809934360603714304e+05,1.654678175338830104e-01
9.718265908227134986e+00,2.269469896772364592e+01,2.432804735270394092e-01,-6.935151008322115729e-02,-5.793508518320362732e-01,2.197677962473511288e+05,1.313186481762406987e-01
1.680946628528911901e+01,4.955981759880012305e+01,1.649581238567910946e-01,6.755640097563506696e-01,1.836511763262806962e-01,1.694305006356905506e+05,1.594410178966364222e-01
2.058579969126800080e+01,6.767937927701510148e+01,1.375684865566991211e-01,4.455182778514070741e-01,9.726720410046929555e-01,3.665490548772005423e+04,6.736626196297312852e-02
1.168815771895775413e+02,3.285816765246946147e+02,1.785820771896382830e-01,6.570695874338428055e-02,2.980158635706691150e-01,2.253766202288019704e+05,1.556979266028051152e-02
3.571840540224149407e+01,1.445900570571187131e+02,9.725741489079155200e-02,-1.913831403312359347e-01,-1.604979998060608315e-01,1.197806107714020472e+05,7.819866104291042785e-02
3.288293795567158639e+01,8.242827914242387521e+01,2.161842081869769783e-01,9.622823583645450096e-01,-9.671371335671583580e-01,7.296825730271619977e+04,1.076548983721989372e-02
5.314454205508485529e+01,1.894807415889519575e+02,1.201773589212001697e-01,3.070308083053536752e-01,4.014297328712479462e-02,1.235720853176304227e+05,1.700337613491273159e-01
5.520151840052801617e+01,2.263312134988597109e+02,9.520891583547699821e-02,6.764702832649669428e-01,-9.105560613310739182e-01,1.214470058591758716e+05,1.135740473809106477e-01
1.987475004460669226e+01,6.746913088866392627e+01,1.304150161366174621e-01,6.637432661773967624e-02,-9.351373141392544941e-01,2.868723420504205933e+04,7.950022968237846488e-02
7.008252157396482573e+01,1.645941880905176902e+02,2.409861253513513046e-01,6.490789016813747203e-02,3.584658420034705362e-01,1.709248863489764044e+05,4.146019917061414400e-02
2.148706310837140521e+01,8.680558029929164832e+01,9.758484076051200662e-02,5.110201096921123121e-01,-5.009264068038673523e-01,1.858844700751735363e+05,1.364533126318017708e-01
6.509575397413594544e+01,1.931982324388263805e+02,1.631482881990254930e-01,-7.159823609228472829e-01,4.466203856962300822e-01,2.174922698597717681e+05,8.871389486296218929e-02
2.473996083253761924e+01,7.183131145174385779e+01,1.692292203312319721e-01,1.958383687161755482e-01,9.774729611307231281e-01,5.669661671546257276e+04,1.717611325181499574e-02
8.240489323745177330e+01,2.289987819056614455e+02,1.820537858806209330e-01,4.655820602798226293e-01,-2.323649753220252689e-01,9.460386514771537622e+04,1.174915025335050364e-02
4.195127954285181460e+01,1.813124558236914083e+02,8.720257021014508891e-02,9.307074592520743206e-01,3.376468493457847053e-01,5.551171366986090106e+03,5.727628173691714369e-02
9.893531333855372978e+00,2.280243512355629321e+01,2.486662478736061388e-01,-5.929141659756231864e-01,3.639838842512614914e-01,2.026018393819106568e+05,1.311280850652654928e-01
4.558137998783187328e+01,3.149759626157159573e+02,3.988871959215171958e-02,7.732782416651804436e-01,-5.955328462618204588e-01,1.807217240963552322e+05,1.359284004366667631e-01
3.843744363942629860e+01,8.926133934841124074e+01,2.455567228664339574e-01,9.267991120817986594e-01,4.774022948852636450e-01,4.965733559620251617e+04,1.692237434897476689e-01
1.886160681042246523e+01,5.763580389249810310e+01,1.554093773761349995e-01,-9.324392018289717754e-02,2.488786140240537570e-01,2.147862062627977866e+05,4.083771502584250535e-02
1.309233277723579931e+02,3.196208529964879972e+02,2.259279086731524888e-01,-8.553746118116429820e-01,6.408676109318496295e-01,8.533982465355587192e+04,1.301048788374015719e-01
2.060068275894479939e+02,4.806819091446499783e+02,2.436163290443137119e-01,-1.781688108966106299e-01,-5.883700150040817034e-01,4.040866031455422558e+02,1.928431418103257466e-02
1.660201053429679874e+01,7.943409445637946931e+01,7.360763997838817851e-02,-6.423422135082273998e-01,-1.941495288144365894e-01,2.007007640887996822e+05,5.612802631372872803e-02
2.231821339139310112e+01,6.783087678296247702e+01,1.568146590556600550e-01,-7.412230561075325852e-01,1.706990060007593790e-01,4.358459864475102950e+04,5.012875968593498432e-02
4.354063978191719997e+01,1.051334749142623508e+02,2.301033696250756044e-01,1.025384710521735077e-01,4.655460287897370542e-01,2.181643556007668667e+05,1.572537942053798266e-01
2.772908935732351665e+01,1.007392117371615967e+02,1.164738501400247456e-01,-6.658567884619692734e-02,2.471962550746114040e-01,1.442429677289822721e+05,2.683482133393651561e-02
1.798462917442850895e+01,5.782469074030314715e+01,1.427732836378675652e-01,-4.263950692687898947e-01,2.583981127067678241e-01,1.181687258080221909e+04,2.718421562971516658e-02
2.715230320597976288e+01,6.575321114015054036e+01,2.289898220053965261e-01,-6.987452207942796978e-01,7.040970377110506995e-01,1.697837367501248082e+04,1.307588557099815529e-01
1.557184788247032259e+01,3.775422635753933776e+01,2.285375823193509237e-01,-6.033844681855482506e-01,3.934771400013457043e-01,4.507180993749477784e+04,1.246566735075700823e-02
2.913177487133170018e+01,6.965099210801051299e+01,2.339193043147652917e-01,-6.630113785578060082e-01,-3.292210535341991706e-01,1.468384451290750003e+05,8.882546564592724847e-02
1.689337111447223450e+01,8.493896543693595902e+01,6.776658382888924026e-02,-1.434403144902968164e-01,-4.720108351718756978e-01,1.208152483720558666e+04,1.804426033127281767e-02
8.885283665362692318e+00,2.204342041850080491e+01,2.199482559810925497e-01,-2.387645212950839646e-02,-4.452884068704090481e-01,1.510991516464617744e+05,1.903908406730436820e-01
6.430768488169042030e+01,1.498235058418320875e+02,2.442332936178968350e-01,4.211208021779673238e-01,-8.405622683702451692e-01,8.986079187802168599e+04,7.802135456150881276e-02
2.888257037475451128e+01,2.812526424058646057e+02,2.251984418808074262e-02,-3.010063744994533330e-01,-2.420651254271487529e-01,1.672704153024528932e+05,4.165712264982255469e-02
8.090759209259148577e+01,2.683036421748738576e+02,1.356035877511641563e-01,8.843685723078085203e-01,9.711600542669382996e-01,4.891081903766005780e+03,1.103118317692792887e-02
7.866782567460550979e+01,2.267945307508496740e+02,1.712409450522796306e-01,-1.520294381622966373e-01,-5.336977564411484742e-01,2.081106000613278302e+05,1.040367419160215939e-02
2.610275721656404357e+01,1.547282372730994098e+02,5.150641745924235126e-02,4.496962242912161400e-02,-3.145157265963272053e-02,6.526764550920581678e+04,5.081418599054080693e-02
4.751923818747053474e+01,1.327028940891631521e+02,1.805711893604177443e-01,-4.041253455654284510e-01,-5.974908491626587104e-01,4.325354146668423346e+04,2.440987865195422962e-02
1.459916911431919218e+01,4.718003814185031075e+01,1.415629984631511518e-01,1.795866202731977168e-02,4.550551739631858439e-02,4.951578681529756432e+04,1.220170712482702147e-01
1.735285110158696398e+01,4.335269464111718918e+01,2.173991820986819756e-01,4.990664420014319091e-01,3.991703759005682528e-02,1.554083990983171680e+05,3.203798651460317004e-02
1.974448237329950757e+02,5.122469302094485784e+02,2.041474597748719477e-01,5.843542113859707676e-01,-5.864593529964778895e-01,9.042091222163922794e+03,7.750991277928284684e-02
1.455070871850246128e+01,4.531032486171026363e+01,1.505953694639759199e-01,-3.914536025762693772e-02,-1.269589039988626711e-01,1.236070401987757032e+04,3.956018623674587703e-02
1.807242460100776427e+01,6.513683430309069422e+01,1.180274315511997407e-01,-1.698195499838666134e-01,-1.098048726038831635e-01,1.761151028200638539e+05,1.749350774990900692e-01
2.829185621789167726e+02,6.544598171825928148e+02,2.471519791973403324e-01,-1.847672875709389650e-01,-3.293834872785816881e-01,1.601752509564048087e+05,2.787574301778716554e-02
1.168619968148570543e+01,3.760754340547390484e+01,1.425598497470914605e-01,3.053147912371390049e-01,-7.963489763979070268e-02,1.325495053994572372e+05,7.269871888572568275e-02
1.853745672582702042e+01,4.277156961839589400e+01,2.482132360976346264e-01,6.827594387656525932e-01,9.736194830568094538e-01,1.312069418442911701e+05,2.434695484664446338e-02
7.333689908621397358e+00,1.741270001363378128e+01,2.366432063353438864e-01,-9.206506776217759924e-02,-5.732952593205300484e-01,7.649607513222505804e+04,2.684145647222898126e-02
4.046163187847915310e+01,9.556913218040887159e+01,2.387131004792711619e-01,9.648278824546825394e-01,-7.699049767399582800e-01,1.037348381933245255e+05,2.079917261771503656e-02
3.080487455078875669e+01,8.552577902568803836e+01,1.823352665812486562e-01,-5.242465282673279825e-01,3.801260677023974299e-01,7.919371995293252985e+04,1.064466157836051370e-02
1.459929089675137845e+02,3.721734598753749310e+02,2.102054332341369569e-01,4.862523247586669761e-02,6.694151415046338816e-01,1.076036211802468824e+04,1.919909734155498399e-02
6.383516595273559524e+00,1.544733280359106864e+01,2.292683721919531459e-01,2.887490701417294581e-01,3.240262504352440232e-01,1.168504885413940647e+05,1.991273693014487811e-02
1.008646978469378155e+02,2.347156002872033014e+02,2.447158280669529118e-01,-2.924819558260434160e-01,4.039993339035519160e-01,2.847084902839290589e+04,1.001248604020739050e-02
1.167056335611272466e+01,3.551782970217023205e+01,1.564620441926305727e-01,1.106360186234314202e-01,5.442776061288927547e-01,9.874156181272813410e+04,5.624358819522669306e-02
1.555176660349932938e+01,4.186279288126145559e+01,1.919784811814548298e-01,6.512045528801799765e-01,1.393959474879946647e-01,3.551155152348809497e+04,5.929506697274028459e-02
1.802292892833284910e+01,4.386212546363125142e+01,2.271047209052272919e-01,7.231279856169097187e-01,4.799155329966791061e-01,2.173161321011956607e+05,3.086004100676435422e-02
4.388768629865369775e+01,1.939696425763760885e+02,8.401333034965885460e-02,6.759074934571422943e-01,-2.723801844093098889e-02,3.993692332899459143e+04,1.368044253400887700e-01
2.808217315185324381e+01,1.160337292118086054e+02,9.398908844431967669e-02,-9.771265918767900738e-01,4.423811985179786355e-01,2.051182960659933160e+05,1.710092017903254782e-02
4.076480024613267972e+01,9.484156781650639800e+01,2.447997612154211022e-01,-3.925067476399773936e-01,7.764076066621476979e-01,1.273811613089327875e+05,1.324418012578762460e-02
1.631945295640079863e+01,9.968984471720695240e+01,4.898816011451063296e-02,-8.633535297936840713e-01,5.682002033333377611e-02,1.845251480089903926e+05,1.468284795972832624e-01
9.095089756974266137e+00,2.460065966238729374e+01,1.904438975271851298e-01,9.000949934167354893e-01,9.404057399240477455e-01,1.620683218661544961e+05,1.353477444857680186e-02
5.823765362621125874e+00,1.378417786745919216e+01,2.378875248612152549e-01,-6.193189526227632635e-01,5.986052552457516995e-01,7.563974517652750365e+04,4.524799878183514285e-02
9.344596985975420012e+01,2.666748059873804095e+02,1.741663752585972669e-01,4.778629992723126829e-01,-3.533412352226412700e-01,2.052339165084326232e+05,7.523003244387620192e-02
1.764280611020165850e+02,4.168362677733044848e+02,2.385999075781556067e-01,-9.137359602230050726e-01,-8.274487034312894007e-02,1.357944219625052065e+05,4.550946033444119854e-02
2.024592779517971408e+01,1.171689813579755963e+02,5.360538040636285417e-02,-3.514748820730851930e-01,1.691195136885335071e-01,1.622479923402888926e+04,1.217043541816604200e-02
2.678455100347377424e+02,6.368384131711351301e+02,2.360977591206709358e-01,8.832154491187265144e-01,-5.243505456050719937e-01,1.323759670008124958e+05,1.919310043112022052e-02
1.025855843177684079e+02,3.119524601457799236e+02,1.566738573186384764e-01,-8.623414040899709532e-01,3.766338899299317422e-01,1.930502471196271654e+05,1.909226946573874539e-01
2.706843345055624539e+01,8.475549457183680602e+01,1.492194493628647145e-01,-7.744644734162453581e-01,-7.677211745071070848e-01,6.244364746203993127e+04,3.747273838236691440e-02
5.156396716969040028e+01,3.760777653398744746e+02,3.645701520345681623e-02,-3.998455995728609214e-01,-3.837520991757181754e-02,1.047544927117985208e+05,1.447887679475031407e-02
1.253473169573015866e+01,5.370378578323766305e+01,8.848104317209998237e-02,3.833155353960431277e-01,-3.198859167459142672e-01,1.255950733442072815e+05,2.331128370988149248e-02
8.056138807765668375e+00,1.863043259901069604e+01,2.472710854769390731e-01,6.033540263649841418e-01,-1.653321348054368478e-01,9.677208939644056954e+04,1.658893817381908511e-02
8.641372825632705812e+00,2.619651762235733727e+01,1.574823787632717575e-01,-8.542091309258947884e-01,9.320533957172718598e-01,5.308368175484079984e+04,5.533112405335675194e-02
1.428094150606853532e+02,4.065988953535096471e+02,1.748441380806301515e-01,2.703989262560377860e-01,-3.663313841873852006e-01,1.490381012263630400e+05,1.538171190638479985e-02
1.264292368456024285e+01,2.993609552499108872e+01,2.377317938670389930e-01,9.555170675389002000e-01,5.431242827956530572e-01,1.169945008661634492e+05,1.463930183111128991e-01
8.417221821756109890e+00,2.362262715525449153e+01,1.790884709235475714e-01,3.275148782253278767e-01,-7.652009264508299324e-01,1.579085029165497981e+05,8.288943904151885311e-02
1.738252638432737740e+01,4.439289165926971492e+01,2.095716038908699563e-01,9.038356653412367159e-01,6.860990392453909514e-01,3.479195539510616982e+03,1.415423139376427997e-01
2.092414811751615034e+01,4.820231806940562080e+01,2.488664976001763174e-01,-8.157358250454709303e-01,6.875957664018859106e-01,1.586724233099958510e+05,1.357598396030355870e-01
6.865037663304080695e+01,1.592961733099502908e+02,2.458834521486716607e-01,3.311212935768577115e-01,-7.002924284766620655e-01,9.497186633431076189e+04,2.750718653566932431e-02
2.313074436666357059e+01,1.003697972387657558e+02,8.662520397228452851e-02,1.296281014255560304e-01,-4.289477002429579189e-01,3.544019486030020198e+04,2.009963076764718221e-02
2.928466074158627208e+01,8.503098134735796521e+01,1.692147992524562772e-01,4.416324024907634094e-01,4.720891283443682251e-01,1.320883710631826834e+05,8.071176089920260865e-02
3.006544670443664202e+01,9.301016686788929633e+01,1.522516690329875633e-01,6.360580372548407802e-02,5.789724917207494936e-01,3.990348800861432392e+04,7.888426869225265148e-02
1.461396714846414824e+01,3.377030456368651556e+01,2.475836239467403277e-01,-6.879002638132223346e-01,-3.373464259252567654e-01,7.911129811501847871e+04,1.720218189023150768e-01
3.877610100567621032e+01,1.650854599727748564e+02,8.941811761711222772e-02,2.904625493848902451e-01,6.446316183391622712e-01,2.119801540434804701e+04,3.836044572564520361e-02
2.560502553463748043e+01,1.162907379323499839e+02,8.028482742058926092e-02,-3.692125645377697385e-02,-4.761311995313372014e-01,1.772877571996515908e+05,1.149165162590614214e-01
3.152168467367116378e+01,1.011897591575589104e+02,1.431489268932481795e-01,-1.595415329960153672e-01,1.806598812940660714e-01,1.856534123113239475e+05,3.148222451006275208e-02
7.480233095398808985e+01,2.519986430685968344e+02,1.320874477069775010e-01,-5.902576937680443780e-01,-6.963511418106766993e-01,1.729242233363889100e+05,6.487767891848804369e-02
1.348788252231038030e+02,3.693901103786286058e+02,1.865366549158823384e-01,-5.151568559085997201e-01,5.905205297246594043e-01,1.995850447971543181e+05,1.844364022468368211e-02
1.620839214633745371e+02,3.767215757730344308e+02,2.452067394037043546e-01,8.745198463444110448e-01,-8.884159599327946522e-01,8.430815436974779004e+04,2.923222045658287888e-02
1.806611001645066210e+02,4.167468428136108400e+02,2.483060037224598393e-01,-8.599392178740958848e-01,5.225581852645695413e-01,1.526172165470223408e+05,5.578860245353764458e-02
1.670925981830904163e+02,3.957749275252045891e+02,2.376009777043426030e-01,-4.566691845902302038e-01,-4.803202278537610503e-01,1.867602129576313309e+05,2.238997239043113291e-02
1.702759232406013155e+02,4.066964290486366735e+02,2.343175445267159096e-01,4.464375446474526665e-01,-2.283633446399890854e-02,2.569932720388917915e+03,2.388276128134965773e-02
3.547254671870329901e+01,2.983392157313018060e+02,2.874992455695261212e-02,7.466526621612814552e-01,-1.928050160057197537e-01,2.136653777735212061e+05,1.184401853393574622e-01
2.081315928519243386e+01,9.910360894775564589e+01,7.420176400048698884e-02,-3.975614654658669034e-01,-4.321155042786120060e-01,1.091497425866449339e+05,3.972625656363355795e-02
1.090044679759414805e+02,3.245552876305810059e+02,1.622778895197569127e-01,-6.687423693530880620e-01,-2.266618435919257601e-01,8.433175596217215571e+03,1.803993474547672254e-02
2.551010556024725062e+01,1.107815661855772476e+02,8.651164928677061716e-02,-6.869377262884508450e-01,-1.466750649809945850e-01,1.819752226321304042e+05,1.292298360500414856e-01
1.562468720780671916e+01,4.934813755179151684e+01,1.470847371952248572e-01,1.013664418387036914e-01,-2.168018404612312988e-01,1.719350800079009496e+05,1.760080875359175956e-01
1.669909412190174081e+01,4.020845747118431035e+01,2.311847415777937842e-01,1.356846658505974634e-01,-6.122056798414545753e-01,1.008610680831822392e+05,1.144069628754797348e-02
3.055252654799783585e+01,8.747475546602234431e+01,1.732237043869948590e-01,1.854201650661972955e-01,6.571148161615820715e-01,2.028878238725435804e+05,1.665212510370555135e-02
1.175200213947177872e+02,3.725551200633387907e+02,1.461735774007659194e-01,-8.650318057662435001e-01,8.380777344422283281e-01,1.836189035035473062e+05,6.685277987186002968e-02
4.213668041541644271e+01,3.158187227482420099e+02,3.483673213436767196e-02,3.782182937096443265e-01,-8.204690603646103142e-02,2.079798793607134721e+05,1.880125680057988802e-01
5.607758370440818396e+01,1.367949951167503286e+02,2.262204212321367036e-01,6.148562725309325572e-01,-3.949087618401816435e-01,1.550657977318235207e+05,1.635502909519017875e-02
1.669449863110334320e+01,4.522659040795005581e+01,1.899470508097212684e-01,1.778325059543237607e-01,9.358116840215005006e-01,1.715364094724038296e+04,5.295538227077537657e-02
1.686230096607187789e+01,5.113568960615801728e+01,1.573938887380719187e-01,-6.031876713182431349e-01,-3.356331520805552193e-01,5.089359289971366525e+04,9.067738884083227646e-02
1.562825334905710974e+02,3.884831690508330553e+02,2.192285233064951433e-01,4.788008070619209633e-01,-6.922057359900180007e-01,1.076635071316755348e+05,3.086412434858385595e-02
1.675512955699182882e+01,8.373719377108797346e+01,6.845139652296844401e-02,-1.663157928746306080e-01,-3.649320511745515194e-01,9.597429804755712394e+04,1.160338506323815300e-01
8.064263811143460714e+01,1.867264142018743200e+02,2.467544246518813267e-01,-6.047972009460607090e-01,-1.205967949126430794e-01,9.863707068147067912e+04,1.491145451544191314e-01
1.031740091622784945e+02,4.196859340981615105e+02,9.647389688924265516e-02,5.767651898161652024e-01,-6.056562108396754684e-01,7.369251227651213412e+04,1.858791208995714261e-01
8.680347479660207810e+00,2.454090955248260997e+01,1.769066232910903869e-01,9.249961404985942437e-01,3.749829139642946174e-02,1.643855970596514526e+05,9.519669466811488123e-02
1.808614727278169809e+01,4.178769174520539309e+01,2.476449450430237842e-01,-3.063680291233616959e-01,1.213520808103951687e-01,1.207234626444731111e+05,3.486314038307419816e-02
4.204688158392765018e+01,1.065906342356844334e+02,2.121735497566035189e-01,-9.447736002053209736e-01,-7.343689503049866119e-02,5.767302440226184262e+04,1.206419421170038947e-01
8.602948346795990631e+00,1.981335898495239434e+01,2.489709511279167564e-01,-1.155656481049360806e-02,-1.378359167058434975e-01,2.318129362550251608e+04,6.048981993404919932e-02
2.407997423195790532e+01,1.187869419857093902e+02,6.995394204059932064e-02,-5.715960515700383437e-01,-1.997165567245051676e-01,1.149862774818280159e+05,2.565247022759170256e-02
3.324563982002310780e+01,8.499615085407602066e+01,2.091987385104798758e-01,-6.588897110522730083e-01,-5.550630932768276793e-01,1.590798192928338831e+05,1.013603247149907211e-02
2.064288074903770465e+01,8.230739686882874651e+01,9.974375841085039718e-02,-1.979118726019768459e-02,7.118626673392360882e-01,5.168595741320261732e+04,1.918033158277636721e-02
2.419207778913394691e+02,5.592199922693259850e+02,2.474481066812716235e-01,-7.646373532384550531e-01,2.865846305200396849e-01,1.011122966292261845e+05,1.660244979914228189e-02
4.412496616739315414e+01,1.380042793419281111e+02,1.495040828506288555e-01,2.975327115479275975e-02,7.547503060710167855e-01,6.733189743025021744e+04,1.374499894661650456e-01
1.618768062327514912e+01,3.961513798249520590e+01,2.250120401323220110e-01,4.994536955800812361e-01,4.335985867634377655e-01,1.462588012565811223e+05,1.243004373532603790e-02
3.257904261969594018e+01,2.814208299300448743e+02,2.749814919176102324e-02,-4.685906008475517748e-01,-6.840744388303507950e-01,1.306058972751944821e+05,7.913135234949042474e-02
5.080499722946968433e+01,2.280324089489880635e+02,8.188099183928139457e-02,-5.543363369865350609e-01,-6.617170346811490633e-01,9.219039004174055663e+03,1.522172224097723993e-02
2.789769311457517276e+01,2.677514652307008305e+02,2.307069763676770219e-02,4.615179298527838370e-02,6.394899843725265765e-01,3.702556078664638335e+04,3.285005551595171491e-02
3.424434283152532288e+01,8.695747294099865599e+01,2.115776926420689652e-01,6.401007472260187292e-01,7.661288318015084808e-01,2.127257216346065106e+05,4.119701791809967512e-02
1.663743394413274146e+01,4.977654378226522169e+01,1.609790437602170998e-01,-7.332212531729703775e-01,-1.106477415705411360e-01,1.170707137164474698e+05,1.939012216582385872e-01
9.558226763727692088e+00,2.595168512040038067e+01,1.892429071015803155e-01,-9.235594089151311081e-03,5.134655964677059536e-02,8.260883193157822825e+04,3.879395447343515768e-02
5.248701346040832760e+01,1.705423180494808548e+02,1.402919764333666330e-01,-5.825492214736135432e-01,6.502994447564531821e-01,1.021669487783914519e+05,6.623899334213038947e-02
1.845484324343803806e+01,4.455814146536916098e+01,2.301294260950503268e-01,-9.153609725904012784e-01,6.250745597068294579e-01,5.066677701516172237e+04,1.271686450784809998e-02
6.492151511999047386e+01,1.513418776745843104e+02,2.439959108649408515e-01,4.738799893722216439e-01,-4.966716449213450235e-01,1.196312419654553960e+05,4.159290372443841949e-02
2.023989817987772000e+01,5.160736303404958392e+01,2.101330792354091370e-01,-4.310740323375414906e-01,5.334366377267185655e-02,6.963478236483453657e+03,1.375224279405715122e-01
1.236464733001609062e+01,3.862604918063946968e+01,1.497967557595825117e-01,-8.651124057216018626e-01,6.146742979643184945e-01,2.186453515329217189e+05,4.417052380303664039e-02
4.477815262370799587e+01,1.096364261436585821e+02,2.248289178015928091e-01,4.857662880893625079e-01,4.872795838366705823e-02,9.766265708042609913e+04,8.175743711985397622e-02
1.152558513390680162e+02,2.836962838519070829e+02,2.228514991600461514e-01,5.636154408690225992e-01,1.701876676452596104e-01,1.833290049990380649e+05,4.911626905141278782e-02
1.334543247688567931e+02,3.623972289487398371e+02,1.891964457231561925e-01,-6.772319753811191223e-01,4.255389237150168924e-01,1.488685872183192987e+05,5.982703517590211989e-02
8.329107378996778266e+01,2.551540380736571478e+02,1.547604647654697574e-01,-8.492618330308980834e-01,-1.916815164495779822e-01,2.584082291702297880e+04,6.327033782914417981e-02
4.859236854900485270e+01,2.665089977847673595e+02,5.862645766375267076e-02,4.267967912979826473e-01,6.271865450917886164e-01,1.660125292058864725e+05,3.451447566189868449e-02
5.757646514175353758e+01,3.872496049379816441e+02,4.172759533773117563e-02,1.542161561003894121e-01,-3.034593403847144488e-01,8.202235187742866401e+04,1.382749105659201658e-02
3.912152489330480165e+01,2.862597960788365867e+02,3.625982426621648935e-02,-5.438021126527252669e-01,-1.512918553825642887e-01,2.125391465406995121e+04,6.279918804251327646e-02
1.320516990393899803e+01,3.036433339597220993e+01,2.496320846998403842e-01,-5.067208340810218647e-01,-9.490406471757391049e-01,1.343003758571352773e+04,1.662904709010122606e-02
5.282710878426959411e+00,1.238469675024678729e+01,2.417050786828673914e-01,-3.858240370934894470e-01,1.183961615477580054e-01,1.404749713879059163e+04,1.030567937998426442e-02
5.268281023193828361e+01,1.796119922966836668e+02,1.294859572623035804e-01,-9.716221697623886877e-01,2.861810356242315834e-01,1.849210619904983832e+04,1.428638955515890673e-02
7.887786723579327486e+01,2.547148478138266796e+02,1.417429594707137197e-01,-5.550227870311584821e-01,-8.564734479714319892e-01,1.134366185088426428e+05,8.301774706364956069e-02
1.795149812977480863e+01,8.574513710808722067e+01,7.381625338809039150e-02,-2.859251360040340195e-01,2.673549608598950744e-01,9.403333518777249265e+04,1.690105359446638505e-02
7.561559607919986092e+01,2.049508523818632284e+02,1.897882925545515687e-01,-7.733167405068686051e-01,-2.756352278511506881e-01,2.703643239363173052e+04,3.349521563801229757e-02
2.423687697239223553e+02,5.809320281826387600e+02,2.329443757330884601e-01,-4.010312204112184142e-01,5.027882670579770785e-01,1.034203937837937556e+05,1.835247161977474756e-02
1.296868274054479286e+01,3.015915431969492744e+01,2.449784283975523502e-01,-3.757676648922401164e-01,9.762597664943659659e-01,2.107789908014115354e+05,6.738790123016095979e-02
2.591990699276827286e+02,6.131494883350810596e+02,2.381104455972865297e-01,-3.034516935043729546e-01,-3.062147789036148149e-01,1.761340882041952573e+05,1.369382391654397346e-02
3.988940605467419687e+01,3.032469384051590282e+02,3.402268426154350656e-02,-6.365711849962880642e-01,1.113990278929759548e-01,2.371036414178083578e+04,7.981892223582129353e-02
3.619177101061350044e+01,9.970635830899303187e+01,1.847048510739089655e-01,8.567124715803291490e-01,-5.820350241933203161e-02,1.582794188894622494e+05,1.611289614371076012e-02
2.048392246017341165e+02,5.304385241616404301e+02,2.047843553035236797e-01,-3.156561344353437937e-01,6.539227828474238891e-01,1.064485888803318667e+05,1.314163133253458751e-02
2.114189411611392799e+01,1.746378220984531993e+02,2.962620188433034638e-02,-5.605254620803956644e-01,7.427902134450408145e-01,1.975039079587020387e+05,1.631092907422061061e-02
4.553952857636858909e+01,1.909615862589600397e+02,9.170736071801932621e-02,-6.755190331076253996e-01,8.996460618505504048e-01,4.137346916784311179e+04,1.125295014981564506e-01
6.086401630812942898e+01,3.693158329485877402e+02,4.953792382342303569e-02,8.868784064445205395e-01,8.115576663460883911e-01,9.946722251433239990e+02,4.663556097701961056e-02
2.164867106843793820e+01,1.060211189032245613e+02,7.080513646792929716e-02,1.920663792447292462e-01,8.431094491236703625e-01,8.435516451704529754e+04,1.424171378036633712e-02
1.049876465456283015e+01,2.448800308384117486e+01,2.437668892841166890e-01,-3.887707606577983643e-01,-5.317671900228073678e-01,7.757089077220654872e+03,1.222458388587436967e-01
7.311094873617526524e+00,1.764057677689382686e+01,2.303824530233307688e-01,2.409399635839799547e-01,-4.445101873774462975e-01,1.149940363091599575e+05,1.391103183648560726e-01
1.568626345584020498e+01,3.608023454005797248e+01,2.495074904343871081e-01,-5.374965725581557496e-01,4.338599149869333260e-01,1.939804798506561201e+05,3.144180747003512411e-02
6.796002254082769412e+01,1.568450263945504730e+02,2.481063831283499832e-01,-4.690324365683199437e-01,1.655596187607903946e-01,1.257461254500578798e+05,9.738616300202027065e-02
6.454487941792501182e+00,1.598032746850711838e+01,2.206955274432336189e-01,-3.337466522509148215e-01,5.118149365825166441e-01,8.071558712915374781e+04,5.870088276564461305e-02
7.363939909659534599e+00,2.011545393970823881e+01,1.873415017464384880e-01,-5.788827653139545504e-01,1.991503727125709666e-01,5.057562210043588129e+04,2.159995834311025445e-02
4.180104720975391785e+01,3.056347964803537138e+02,3.630562700080618849e-02,4.555632563695373172e-01,-8.051910956340380121e-02,1.847672004770240164e+05,2.632281217560911504e-02
1.601777315914158066e+02,4.710406509891126916e+02,1.656683642012235225e-01,-7.957238276268719934e-01,2.684917596496225745e-01,1.109888099914548075e+05,2.332245280760583683e-02
2.211122111242060555e+02,5.671993192159154660e+02,2.080311537679091216e-01,-8.134313021244852226e-01,5.681075850763908086e-01,4.821617293326566141e+03,8.727048971193862581e-02
2.643704046704418786e+01,1.259122493247314907e+02,7.417224470698557948e-02,3.582483341011855060e-03,7.729627664343321491e-01,1.005068291632122418e+05,1.328365298333902302e-02
2.477473315875386461e+01,2.106844840072248815e+02,2.822457347900518901e-02,4.086015945871406263e-01,8.839935681817403523e-01,1.101822730208608118e+05,1.632181046216165873e-02
2.291158424321502451e+01,5.264408778163479496e+01,2.499438904841245201e-01,3.257675614973358780e-01,5.272274663177145548e-01,7.414044922001697705e+04,1.856026670964003311e-02
4.793678438411621556e+01,3.176427251512744760e+02,4.277762226456246347e-02,-5.335643932069402684e-01,3.960913156981895611e-01,1.306947169507298968e+05,1.074127742830066207e-01
4.827373693833699519e+01,1.115245502422364439e+02,2.476855848444396990e-01,-8.246894351598967887e-01,9.205117800515896231e-01,1.635234453200594289e+05,1.248918771582717413e-02
5.927418067215178610e+01,3.380030881581893141e+02,5.494246652761718142e-02,5.099530455994776279e-01,2.697763846034275659e-01,1.576116740852116782e+05,2.687180216970756069e-02
1.926380285519145161e+02,4.545338933457014718e+02,2.391256995612981440e-01,2.558984020682975036e-01,1.653014329602513488e-01,2.238263584126100759e+05,7.212255136702602765e-02
2.464313587975372855e+01,6.863217897946564960e+01,1.813901251896936906e-01,5.479905855829370065e-01,-8.386216541896692744e-01,3.316699419579825917e+04,1.230229010745696044e-02
7.242020998797413256e+01,1.745162731220725902e+02,2.308729664573392348e-01,1.555811618854670009e-01,-9.720418754370792058e-01,1.136574067391249409e+05,1.538524119104681676e-01
1.168461410697660341e+01,4.206576045757674365e+01,1.182522417985446550e-01,4.304598075994758855e-01,5.705142064895096787e-01,7.186687744122302684e+04,2.615327833793661128e-02
5.825923580380066369e+01,2.008387964243511874e+02,1.271145572748985653e-01,7.034826733985946046e-01,-4.037106553356383243e-01,1.690182386208437674e+05,1.713549879829886213e-01
4.843926235489038845e+01,2.636325950339768269e+02,5.938325886038224588e-02,1.708469363340512359e-01,-5.074734867989409981e-01,1.699525366792113346e+04,1.934631982018433435e-02
1.059100442871860892e+01,2.550262791783816851e+01,2.311640838949686749e-01,3.934965204502585134e-01,-3.697793615136056866e-01,1.480924877055861289e+05,1.552914996584659792e-02
1.757435733641486308e+01,4.046333597495241463e+01,2.490938160084266162e-01,-4.196065522678058546e-01,-9.623970248349501544e-01,9.256731761923989689e+04,3.646257534453255927e-02
1.134231527758503510e+01,3.025726372515882900e+01,1.948887517499232336e-01,-2.211763098232423230e-01,-9.629102607892418009e-01,1.180292607775710203e+05,9.190291960892896239e-02
4.535837565463893384e+01,2.264193526882801279e+02,6.858670117814356926e-02,-3.786390048161627497e-01,-1.008861789067851955e-01,1.355464157875220990e+05,2.449320625948028102e-02
8.197493341342698159e+01,2.585341618484430910e+02,1.474365721714647470e-01,5.751582998401330027e-01,3.623816757202951155e-01,3.627669943609067559e+03,1.495394030784855804e-02
3.114800269755839324e+01,7.208156730644350318e+01,2.469884458914255732e-01,-6.210146203209314653e-01,5.613462368572139649e-01,2.095274013220447814e+05,1.468816516388753678e-02
4.401065969855563509e+01,3.581017619294118504e+02,3.037985530714571239e-02,2.855343321244245836e-01,-7.302727390237256921e-01,2.036948702933059540e+05,2.024798111480015025e-02
1.008298638450853275e+02,3.130474252130896957e+02,1.513439533998241771e-01,4.249283128166139178e-01,9.328278369747236010e-01,7.924115998007534654e+04,1.195364606847910960e-01
9.555676662343689287e+00,2.271210708746827933e+01,2.362327095706494018e-01,5.756696345474849874e-01,8.940037262504763049e-01,4.896258829606221843e+04,8.593106681128673263e-02
4.979143733902631652e+00,1.144246424108743554e+01,2.498763570422903590e-01,8.005060029716835057e-01,4.966669180888731994e-01,1.161505286991145986e+05,1.522809559452509565e-01
2.538838876941740708e+01,1.139936461616031380e+02,8.183218703050543219e-02,-9.005027920726880186e-01,-8.504730555230861633e-01,8.925921276817766193e+04,1.240556347786032909e-02
1.594154515184682985e+01,3.687357544713174207e+01,2.471867974954460312e-01,-2.775005182898693246e-02,9.413323873414634058e-01,1.053849024418158660e+05,4.572955495540026449e-02
4.633315369372724746e+01,2.493487529221144428e+02,6.050729926553967408e-02,-5.894798379050243398e-01,2.861659060570060920e-01,1.083447100147389865e+05,1.079557229643489033e-02
1.107970516256259508e+01,2.639259823481432221e+01,2.353658383410165422e-01,-9.212634305801815637e-01,-2.887169649148080275e-02,2.135934294160068384e+05,2.417916002220600602e-02
1.360229361792455727e+01,3.468331226093160780e+01,2.101289863351504805e-01,-3.010229030828670549e-01,1.161394594917686263e-01,1.769387817077746440e+05,6.899185845656043148e-02
9.790145574860414257e+00,3.021735632630471358e+01,1.528344081799887233e-01,2.160642346273333736e-03,-6.877523365966903279e-01,1.553680099180102407e+05,3.241712030433326758e-02
2.997120655176726700e+01,3.671520994883369440e+02,1.536138419563783455e-02,2.134652314346621171e-01,8.679379890877687576e-01,5.225828601716146295e+03,1.235278917754948670e-02
3.665278592119815926e+01,9.406731645824278587e+01,2.078645323860816574e-01,3.066739789446462083e-01,-9.759360464114454903e-01,5.249603510008902958e+04,1.314435241765165296e-01
6.331575241554165245e+01,2.526087149454868666e+02,9.964122796713677233e-02,-4.366384924687662927e-01,-1.139284178405667314e-01,1.084664319189922389e+05,3.040886019998819897e-02
7.898008849905963302e+01,3.090392937347971838e+02,1.029215984150095714e-01,4.259534818260675149e-01,-7.225766904870316587e-01,1.270123500747558865e+05,1.839985140572789404e-02
4.711993563756047365e+01,1.456307866216797606e+02,1.524939060155535708e-01,7.399738567975548964e-01,5.639757054992862173e-01,4.128742040551066748e+04,4.030202748248986472e-02
4.697245046598746399e+01,2.886591036400636767e+02,4.850240392053649374e-02,7.619943880100190636e-01,-5.089829803172654099e-01,2.183440389303978300e+05,4.946937494676103414e-02
4.849041097753097773e+01,1.162637446644416741e+02,2.328194525393879333e-01,-6.481206325614483621e-01,-1.918965320042788081e-01,7.725662695280413027e+04,1.416258680157948292e-02
3.667836042533235741e+01,1.228825141988314869e+02,1.333111195181315156e-01,3.066986178626278647e-01,4.907761945020181482e-01,6.494938079830084462e+04,4.187542110841695892e-02
1.102429704010461187e+01,3.303658594500161172e+01,1.605435678220800688e-01,9.455157354963970029e-01,2.862231557597403331e-01,9.865057188452254923e+04,3.972805498032780380e-02
4.810311210032463691e+01,1.115770669871153586e+02,2.460350925968999847e-01,-7.462154599132285737e-01,6.475674407428428925e-01,6.540490644249434263e+04,4.499553494089489347e-02
1.058471236639506259e+02,4.227551243840932216e+02,9.946042265242736879e-02,2.519015551836365496e-01,-7.230482348816744675e-01,2.374290490278803190e+04,2.897349682458709441e-02
1.083183838374446850e+02,2.507953580815261319e+02,2.467768762617337797e-01,8.025958230326502019e-02,9.520403283563037000e-01,1.636572300628598314e+05,2.225756609514280976e-02
9.380097049207622106e+00,2.303066856451030731e+01,2.237868915438244177e-01,7.569775677108996348e-01,-5.013526484675279171e-02,7.884464946803527710e+04,8.917383705782269687e-02
1.810006678082766740e+01,1.306725514544270652e+02,3.708170349648563097e-02,7.590676331219792239e-03,2.276541254662247660e-01,1.277412124345556804e+05,1.712785196379245090e-01
3.534669506858168830e+01,1.528514237896055192e+02,8.712287693158134172e-02,-5.578639552305462157e-01,-2.067455075755120220e-02,5.743015244814153266e+04,7.044085695048256379e-02
7.042686120074087341e+01,2.363284468369732849e+02,1.329547590201452523e-01,-5.680187754318244409e-01,1.177868942379942663e-01,9.886961616597344982e+04,1.869463221056058555e-01
8.826000362282691469e+01,4.187950586596566609e+02,7.463410345330938334e-02,9.117337968756660249e-01,2.648360906473770093e-01,1.523476917249101098e+05,1.265486539102463059e-02
2.759747603862065191e+01,1.062627536726271273e+02,1.057175682999073330e-01,9.581134044725336807e-01,-2.351890627598451911e-01,3.134685196232728049e+04,4.059010884152752102e-02
3.970007040390894559e+01,3.126440343243002076e+02,3.208006340362544451e-02,-6.050380496082420345e-01,-9.991620467273831796e-02,1.555758321454832912e+05,1.848476031964639832e-01
2.149107326123200679e+01,8.034300825975941507e+01,1.110495218583718163e-01,-5.334524003647684864e-01,-6.427141404049552253e-01,2.199185787515419943e+05,1.210836245320137117e-01
3.687626838465346424e+01,3.212996897197005524e+02,2.710572959888575204e-02,1.180610479971566651e-01,-9.312914501238431786e-01,2.153888571621187730e+05,3.988346912858146270e-02
2.138702039565784929e+01,5.209599832972503464e+01,2.267652646148550499e-01,5.499360094116025888e-01,3.983054819668716551e-01,7.267082344289011962e+04,1.122843870266635423e-02
1.179506723758404974e+01,3.152480796779261851e+01,1.942733751182049162e-01,3.234665840410313464e-01,4.126906230574769463e-01,1.552791336609513201e+04,1.177658675782271708e-01
2.357114629239545422e+01,5.932786030119078191e+01,2.147187793789855914e-01,9.172511015868676232e-01,1.319351511796542642e-01,2.087173012690733594e+05,1.106362801513504773e-01
2.302878046401218910e+02,5.416747328486901552e+02,2.403738777869061927e-01,7.738572188109020811e-01,2.154927204130721030e-01,1.739872356143545476e+05,1.248243901377159466e-02
2.699862192633448288e+01,1.704177560289551536e+02,4.638503885890234851e-02,7.173273306508529679e-01,3.116516157753081995e-01,1.044642934494133224e+05,4.296943287602902201e-02
8.333978422047616164e+01,4.293813430452623265e+02,6.506518505469806313e-02,9.148848121592323412e-01,-4.584020184956405508e-03,1.557448869077173877e+05,1.840513481557435604e-01
1.474297534842714619e+01,4.370149344028330773e+01,1.634863261441660276e-01,5.987453223320393647e-01,-4.290120843207828605e-01,1.297410730595204077e+05,1.172927614521872969e-02
3.370404986376939860e+01,8.607956248288529366e+01,2.095575904517734955e-01,-6.789571046985620750e-01,9.547447445488526085e-01,2.167440164818942430e+05,1.847893584888604321e-02
3.329498681026360174e+01,8.013175678257945833e+01,2.313610811157042479e-01,-4.802245192144038999e-02,-8.092114033387345362e-01,3.277389500243381008e+03,7.804171840487590661e-02
3.196174606195231149e+01,2.375900585878039806e+02,3.531861951109518949e-02,-1.820379129350269132e-01,6.716740329542534305e-01,2.098798262076800165e+05,9.677333275762560472e-02
1.489439435219856556e+01,5.639892987356184761e+01,1.087059479825920466e-01,-9.662515596217797764e-01,-4.946499910200669037e-01,7.005673762962569890e+04,1.504882440135033861e-01
1.510167703571307243e+02,4.550621845530894802e+02,1.590708926235122611e-01,9.273956612275944256e-01,6.288289824182233811e-01,2.623322210151894978e+04,1.406761185473451303e-01
3.635465071627127287e+01,2.351055565671479144e+02,4.454802672631282684e-02,-7.591292742278790140e-01,8.390007404128927426e-01,5.932260007414243591e+04,1.442898631469871074e-01
1.149389397570045901e+01,3.862492445900665672e+01,1.326373712827396689e-01,-8.793574653050458823e-01,3.813652797851196929e-01,2.001479181579458600e+04,1.611348728396754804e-01
2.195905183450448916e+01,7.059992678633740582e+01,1.427848803611077855e-01,-1.713469840972610125e-01,-1.107433744362944505e-01,1.356164912638859823e+05,5.410543036190314931e-02
8.023689541891597443e+00,2.072563127813801742e+01,2.056414139509811778e-01,-1.567821565526310579e-01,-2.645410750906470598e-01,1.936052072753807297e+05,5.940770345220897086e-02
1.666963325057233547e+01,7.968256635974641711e+01,7.372326372736964784e-02,7.676511604176978754e-01,-9.008461913189957926e-01,2.973721355134445548e+04,7.146191109402837138e-02
2.630826052910729729e+01,7.353727172600397921e+01,1.802911329709778465e-01,6.560214318861232741e-01,9.381736493866053017e-01,1.982532090876797884e+04,1.336540845999706004e-02
3.123875424905552123e+01,2.866834437716472053e+02,2.485908597565866796e-02,2.714747526400078659e-01,-1.366248826670879435e-01,1.645224174183981668e+05,3.976474158226473571e-02
3.556522735297104276e+01,1.182140216202907084e+02,1.350810191109703406e-01,7.641900857259802393e-01,-7.389728235678392210e-01,2.062532120168129331e+05,4.774455372614093418e-02
1.693249302542742996e+01,4.398349735328451970e+01,2.037285574277368783e-01,6.157724318341899483e-01,2.094391547043579216e-01,1.670662226875801862e+05,5.029962338970531133e-02
2.319479449341463351e+01,5.783488747199561431e+01,2.181060554869380663e-01,-8.215140915417619150e-01,7.526856424353189912e-01,7.973888598847546382e+04,5.236193724899902702e-02
8.448691054102380349e+01,2.060900086481937592e+02,2.262320616574315379e-01,-4.733416761636525250e-01,-7.144710137026542007e-01,7.137444020104629453e+04,1.259207133364678988e-01
5.326777163837512319e+01,1.310877848804860548e+02,2.229310221804695902e-01,3.281202624512482569e-01,-7.117594490793355266e-02,1.094284651983363146e+05,1.993956732139744725e-01
1.064495985962622342e+02,3.653590084534494054e+02,1.280482596695380615e-01,6.377220275808321848e-01,-6.992648422591618562e-02,4.855069487583265436e+04,1.159182680260455178e-01
1.246557308486567450e+01,4.096454653454017603e+01,1.376702695200495430e-01,9.594648821660567428e-01,-8.561131204478393819e-01,5.382623168875620468e+04,1.027534863370571996e-02
2.601499984458863679e+01,1.096035021021923370e+02,9.099111652177191423e-02,4.739664210355694074e-01,9.737114822372316958e-02,2.108337549224083195e+05,1.100622643489905343e-02
2.586440407150668364e+01,1.100347555068573229e+02,8.952706000146189169e-02,9.487075732340011225e-01,7.234535885039705683e-02,1.099127354434555455e+05,1.581415718845585738e-01
5.951903351191655389e+01,1.603799879301494116e+02,1.916502940316533454e-01,3.021936417081774184e-01,3.667286525347432935e-01,1.190877473733522493e+05,3.002452428387070507e-02
5.226430332473802309e+01,3.727245151990318845e+02,3.784675759649162863e-02,-6.222195051133139199e-01,2.243208173670139249e-01,7.576165513043975807e+03,2.169575112774919934e-02
1.422350972302556293e+01,3.379415465551031161e+01,2.363788658427812828e-01,9.457765126197765770e-01,-6.666947320418727951e-01,1.965997164926872647e+05,1.575495027383140567e-02
2.971464441070884277e+02,6.869494339569675958e+02,2.474056494932215522e-01,-2.648344326994042097e-01,-9.178524542248883700e-01,1.511550530300278042e+05,1.726046664572683173e-02
2.827340677549766212e+01,2.906114656650883603e+02,2.057985582371900032e-02,-3.887483667796173270e-01,-1.982401924365124746e-01,2.107531622360219772e+05,4.450085735706904577e-02
7.549934062273912616e+01,1.736863228106375345e+02,2.494379700221406870e-01,-4.292194718745298010e-01,4.750506900429067869e-01,1.655588592097296714e+04,3.917773826480969168e-02
1.634513033875795429e+02,4.295561538036272395e+02,1.998085515836894033e-01,7.585355612251902802e-01,5.998557813579905584e-01,3.568053726693201952e+03,1.785125273841355331e-01
5.804006167413386486e+00,1.336844112741989932e+01,2.489307202593792068e-01,-1.804568190090781732e-01,2.252782494897496157e-01,6.329591985799027316e+04,8.221705668440447423e-02
1.502342133901975707e+01,5.009185781052264730e+01,1.343804776576087434e-01,9.542242328109273863e-02,-7.829238143417973639e-01,2.118145434402663377e+05,1.507394493124138701e-01
2.649306583884037991e+01,1.913386212089510536e+02,3.705805581653528330e-02,-6.562664195942338186e-01,6.333973213221073539e-01,6.672890283502591774e+04,7.690757289032075505e-02
6.505558092475398624e+00,1.591455773141818142e+01,2.251558881547423563e-01,1.036837412833988559e-01,-9.010099758184768604e-01,6.808576272290301858e+04,1.087544252791027427e-01
1.462512777318201529e+01,4.485816984076275560e+01,1.544413289951448165e-01,-1.389856288641704296e-01,-3.218625211425096833e-01,4.566143658746009896e+04,1.446527235930413283e-02
1.968214756032716650e+01,5.400988042342967077e+01,1.859225695036183512e-01,2.077339656236560916e-01,1.342813788709376066e-01,4.155518697698385949e+04,4.580311699847620932e-02
7.884386288159880074e+00,1.910483344216322976e+01,2.287570023800566954e-01,-6.542143472071846322e-01,4.092197628010556532e-01,5.725866512204146420e+04,7.557013930579600802e-02
4.814835101024680597e+01,1.396837842023784333e+02,1.694568164378456032e-01,-1.202676560123612237e-01,-1.015078833716558382e-01,1.147053450841587473e+05,1.397384079562091416e-02
1.997443021751502812e+01,7.630020408416569921e+01,1.071308375176413114e-01,-1.808462352203369372e-01,4.461142264176165551e-01,1.246513819456828205e+05,2.994888026469352121e-02
1.666088629364677587e+01,8.405845265265189425e+01,6.737951004476268324e-02,3.530646650365509842e-02,-5.491483811191553155e-01,2.103250594305407139e+05,2.124412515966525583e-02
9.704047270742142572e+00,2.304996452561827880e+01,2.364854380005818046e-01,3.133328063844518230e-01,-2.371814902506175216e-01,1.280139389762101491e+05,6.316313862823576264e-02
6.692300432222955919e+01,2.524386194974819375e+02,1.094038791517111114e-01,4.080234082438420895e-01,8.216022064259891344e-01,4.077004237488444232e+03,1.002788058569711593e-01
5.434554345591934954e+00,1.272632984520491917e+01,2.421593643976956978e-01,-8.135754109812696200e-01,5.148328746250696586e-01,1.558482368062641181e+05,1.084439246789467293e-01
1.203894185185138070e+02,3.526527442488747965e+02,1.667509877325993040e-01,8.990939659294494568e-02,-4.597357687938335991e-01,1.503002052535065159e+05,1.341691239481279316e-02
2.145741751860507307e+01,7.580410695504640728e+01,1.220322241630251436e-01,1.164006077879986556e-02,1.309844941976658905e-01,1.265877694225809973e+05,1.573774501005456572e-01
2.510736134419318688e+01,7.216186215631131518e+01,1.721163926993901916e-01,4.299991765542809929e-01,8.455729988291382782e-02,1.021379425776034914e+05,1.247837532379507536e-01
5.114303033719706093e+01,2.255948229129235187e+02,8.428731393476832090e-02,-3.196824588315790860e-01,-4.201001060895870332e-01,3.371626038743460958e+04,1.460727048098313385e-01
1.983663268291354314e+02,4.714144187367470522e+02,2.362880815605482021e-01,-4.078696814726923137e-01,-6.283046400929559461e-02,5.143407738727202377e+04,1.116476334069679659e-02
1.420982199111615500e+02,3.317503642586484034e+02,2.433858815315088908e-01,3.565357397768456060e-01,-4.026349018365534826e-01,1.752104533820060606e+05,1.325221272714234844e-01
4.601659140576729357e+01,1.580702118558184281e+02,1.278715759507711436e-01,5.161739373942815234e-01,2.955681032245511819e-01,1.565544016827936866e+05,1.359376758086718040e-02
3.589877024410086648e+01,1.870585815801390197e+02,6.385132165472894028e-02,-7.234174715065435635e-01,5.063827499250403985e-01,2.062728977838616993e+05,1.008690737042920033e-02
1.441235558069874969e+02,3.401715528765779482e+02,2.389983814602532064e-01,2.735753622220269410e-01,-1.529164391102177945e-03,8.869259309703772306e+04,2.336883347917902490e-02
1.158847496786233400e+01,2.821941145408524676e+01,2.268805285481660938e-01,-9.375036613585535639e-01,8.261786267186910226e-01,1.385768464850062737e+05,2.768069496128806872e-02
2.590814551964281165e+01,6.995300510520443993e+01,1.910072796902103354e-01,9.324529145120294960e-01,-2.332092121011758445e-01,4.701942073125462048e+04,1.214265921106442020e-01
3.603396856666133630e+01,1.048650255495575720e+02,1.685785758539681267e-01,6.180547302538954568e-01,1.515463175906297533e-01,1.597943643558070107e+04,1.579212675831867252e-01
4.410907778730951634e+01,1.032377471341631008e+02,2.423719917665452805e-01,-3.614919913595606715e-01,8.485822341547601955e-01,2.164745687037204043e+05,2.445896232304625717e-02
2.202703924253829371e+01,5.682631932650927098e+01,2.060682091183521636e-01,9.365342387012272063e-01,3.272796567123084088e-01,1.650204214990305481e+05,1.171300118916222405e-01
3.217301745414397374e+01,7.453505562907912463e+01,2.465388453908192445e-01,-3.326253044442556428e-01,-7.859377017938170562e-01,1.284512511000069790e+05,5.364425982695143758e-02
1.356424818677483479e+01,3.141675450787137791e+01,2.466364998488731752e-01,3.336737417587418708e-01,6.453378158135540943e-01,7.753368633569158555e+04,1.256798315200337024e-01
2.984418606703744103e+01,1.785851887688077682e+02,5.070185353276233237e-02,1.978536534609067754e-01,-5.954173058688350118e-01,6.642270158693708072e+04,3.754111867169497574e-02
2.673048548340504027e+01,8.025565981576335162e+01,1.600363465021729936e-01,-6.523922990627075702e-01,-1.691609647080072332e-02,7.289615097202060861e+04,9.502493762387016762e-02
2.916500810993572657e+01,1.202015345864263054e+02,9.438873132857734938e-02,1.648625639491936301e-01,-2.184405329935711348e-01,5.983194825237171608e+04,1.079602101730077479e-02
5.612860596532364355e+01,1.332844020202077786e+02,2.365964443430103314e-01,-7.328431232052976529e-01,4.823765912113402443e-01,8.892102047440191382e+04,4.210295735413501633e-02
6.611573476166268115e+00,1.564732154945862774e+01,2.379257072791357563e-01,-6.930700330721231150e-01,-4.982639227602714271e-02,1.208575686134166062e+04,1.054857386019079774e-01
8.910270202604496603e+01,2.269872935338237312e+02,2.104499753607952661e-01,3.773593910892247827e-02,1.942960850626560543e-01,1.929297833151685772e+05,1.702848733481768587e-02
3.126203853357652207e+01,7.431468694214277093e+01,2.361770728609739745e-01,7.889930456524985036e-01,-7.078573259716129940e-01,6.701710691154326196e+04,3.674301066056866183e-02
1.379696743130762684e+02,3.856076086810002721e+02,1.803281002374663156e-01,8.491926181240352367e-01,7.700723093334498337e-01,2.121565484515989665e+05,7.951459159054612147e-02
7.870183898020948199e+00,2.136264668442839820e+01,1.893286643099137689e-01,2.796108180816145872e-01,1.878907251809747159e-01,3.603721229794654937e+04,5.242305228488326058e-02
5.481031052592919650e+01,1.741567265119579986e+02,1.456140728200444601e-01,-4.688261746773064731e-01,7.660721219871491350e-01,1.241450275027725729e+05,1.344931602545535593e-02
2.130291951219376401e+01,1.484513068760595331e+02,3.933312951418165004e-02,1.735736826348701634e-01,1.403369831890524111e-01,1.347603194081920665e+05,1.402430811342660344e-01
8.339837490221329119e+01,2.102954378544581573e+02,2.140652774588842622e-01,5.638556006360664341e-01,4.543500684673034140e-01,1.582547564169708930e+05,1.821527510522329973e-01
3.034940592989157437e+01,7.176005286875745526e+01,2.382936159380015795e-01,-2.858571706776895649e-01,-5.537175363887478774e-01,1.014344207121887484e+04,1.150101381046308990e-02
6.172712635485137866e+01,1.510869204649216329e+02,2.249479208259545782e-01,-7.003147851980773275e-02,-4.447131430937761865e-01,7.199097072763407778e+04,4.327460663526397355e-02
1.764409957307372849e+02,4.163228136986542722e+02,2.391197694389810835e-01,-4.469774509995583234e-02,2.678712183281635184e-01,2.260237018271287961e+05,3.065390565206094209e-02
3.044366762481800137e+01,8.787915296085328976e+01,1.708776184614053395e-01,1.309958567359355008e-01,-5.241106624462441577e-01,1.353646981704827049e+05,1.571097128885572125e-02
6.199665893134211814e+01,1.799741883536107139e+02,1.692765385426522329e-01,1.513351504979580930e-01,-6.698356359106163449e-01,2.652532193852340060e+04,2.082105555165440769e-02
2.766049415599192685e+01,1.609771486263362590e+02,5.310794621029799739e-02,8.762656980634897508e-02,9.510612596180505474e-01,4.020659750468165294e+04,7.588397516474042204e-02
7.908184377454421110e+01,3.203126546136344928e+02,9.716379802372236696e-02,6.923656601007244227e-02,-5.333662424690525095e-01,4.141309555564294715e+04,2.534506534564443317e-02
1.446941499485782323e+01,4.599063205341453653e+01,1.455356280196386798e-01,6.516023678146531939e-01,-8.720581787038438337e-01,9.870627664634307439e+04,1.651520868928075744e-02
